2813704000,0.137751,0.300584,9.75503,0.0131069,-0.00526941,-0.0696719,0.99747
2823704000,0.0983692,0.286544,9.74353,0.0130673,-0.00524849,-0.0693115,0.997496
2833704000,0.242824,0.344404,9.75869,0.0130151,-0.00522248,-0.0689573,0.997521
2843704000,0.109947,0.310897,9.74444,0.012973,-0.00521481,-0.0685951,0.997547
2853704000,0.195253,0.29288,9.71821,0.0129238,-0.00518297,-0.0682425,0.997572
2863704000,0.245192,0.290679,9.70205,0.0128886,-0.00515746,-0.0678952,0.997596
2873704000,0.101175,0.337842,9.7426,0.0128476,-0.00513403,-0.0675361,0.997621
2883704000,0.184681,0.315916,9.69237,0.01282,-0.0051056,-0.0671796,0.997646
2893704000,0.208134,0.291414,9.67365,0.01279,-0.00507824,-0.0668327,0.997669
2903704000,0.116856,0.284906,9.71256,0.0127619,-0.00505248,-0.0664828,0.997693
2913704000,0.223531,0.317628,9.6995,0.0127231,-0.00501692,-0.0661369,0.997717
2923704000,0.156315,0.291518,9.72338,0.0126896,-0.00498439,-0.0657855,0.997741
2933704000,0.088531,0.310408,9.77864,0.0126741,-0.00495411,-0.0654311,0.997764
2943704000,0.221856,0.345012,9.77832,0.0126553,-0.00490741,-0.0650883,0.997787
2953704000,0.158337,0.308402,9.76561,0.0126437,-0.00487603,-0.0647378,0.99781
2963704000,0.13399,0.291449,9.73819,0.0126308,-0.00484475,-0.0643973,0.997833
2973704000,0.228694,0.3945,9.80032,0.0126248,-0.00482296,-0.0640534,0.997855
2983704000,0.120945,0.307431,9.7879,0.0126201,-0.00481013,-0.0636974,0.997878
2993704000,0.213045,0.276628,9.7662,0.0126263,-0.00478515,-0.0633509,0.9979
3003704000,0.219818,0.316723,9.75685,0.0126203,-0.00477973,-0.0630043,0.997922
3013704000,0.0842071,0.314366,9.77629,0.0126125,-0.00476251,-0.0626545,0.997944
3023704000,0.193667,0.322203,9.71525,0.0126199,-0.00474551,-0.0623073,0.997966
3033704000,0.116142,0.296073,9.79886,0.0126436,-0.00474141,-0.0619656,0.997987
3043704000,0.119721,0.391058,9.77325,0.012654,-0.00472578,-0.0616176,0.998008
3053704000,0.181596,0.327944,9.74803,0.0126774,-0.00470085,-0.0612738,0.99803
3063704000,0.0818922,0.319939,9.7738,0.0127059,-0.0046898,-0.0609186,0.998051
3073704000,0.15743,0.399098,9.8562,0.0127397,-0.00467924,-0.0605648,0.998072
3083704000,0.20353,0.33134,9.78765,0.0127799,-0.00465577,-0.0602039,0.998093
3093704000,0.117362,0.275471,9.8011,0.0128496,-0.00463502,-0.0598464,0.998114
3103704000,0.174645,0.377267,9.84952,0.0128966,-0.00459857,-0.0594782,0.998136
3113704000,0.215758,0.388881,9.82479,0.0129556,-0.00457326,-0.0591194,0.998156
3123704000,0.1476,0.311096,9.81178,0.0130195,-0.00454558,-0.0587467,0.998178
3133704000,0.156009,0.333812,9.7814,0.0130848,-0.00452091,-0.0583797,0.998199
3143704000,0.0941359,0.373208,9.86084,0.0131514,-0.00450745,-0.0579966,0.99822
3153704000,0.114806,0.378578,9.84575,0.0132273,-0.00449297,-0.0576237,0.998241
3163704000,0.149446,0.315896,9.83752,0.013319,-0.0044743,-0.0572444,0.998261
3173704000,0.0921182,0.355859,9.86403,0.0133953,-0.00446505,-0.0568579,0.998282
3183704000,0.13948,0.40726,9.83695,0.0134892,-0.00445449,-0.0564653,0.998304
3193704000,0.11418,0.329316,9.82734,0.0135753,-0.00444327,-0.0560914,0.998323
3203704000,0.0441804,0.332775,9.83833,0.0136599,-0.00443413,-0.0556978,0.998345
3213704000,0.164609,0.384844,9.84655,0.0137665,-0.00441601,-0.0553117,0.998365
3223704000,0.0914267,0.283282,9.84811,0.0138918,-0.00440203,-0.0549218,0.998384
3233704000,0.0902041,0.318861,9.86136,0.0139978,-0.00437642,-0.0545292,0.998405
3243704000,0.179805,0.369264,9.83265,0.014114,-0.00435736,-0.0541412,0.998424
3253704000,0.127105,0.313674,9.88876,0.0142239,-0.00433726,-0.0537476,0.998444
3263704000,0.135146,0.2701,9.81136,0.0143421,-0.00430787,-0.0533457,0.998464
3273704000,0.198997,0.334552,9.80242,0.0144677,-0.00429676,-0.0529441,0.998484
3283704000,0.10391,0.348993,9.87934,0.0145903,-0.00426728,-0.0525409,0.998503
3293704000,0.0936388,0.416797,9.88546,0.014702,-0.00423308,-0.0521275,0.998523
3303704000,0.158921,0.331432,9.81537,0.0148219,-0.00421939,-0.0517258,0.998542
3313704000,0.0920192,0.362456,9.83101,0.0149324,-0.00421045,-0.0513135,0.998562
3323704000,0.15699,0.357546,9.84894,0.0150586,-0.00417506,-0.0509052,0.998581
3333704000,0.0911593,0.293877,9.81492,0.0151691,-0.00416451,-0.0504925,0.998601
3343704000,0.136836,0.310844,9.84455,0.0152695,-0.00414664,-0.0500719,0.99862
3353704000,0.161598,0.32374,9.8235,0.0153732,-0.00412893,-0.0496464,0.99864
3363704000,0.125481,0.245845,9.73419,0.0154753,-0.00411205,-0.0492191,0.99866
3373704000,0.15298,0.279975,9.77232,0.0155594,-0.00409248,-0.0488021,0.998679
3383704000,0.173899,0.310965,9.77324,0.0156448,-0.00407453,-0.0483796,0.998698
3393704000,0.100925,0.277332,9.8075,0.0157191,-0.00406766,-0.0479461,0.998718
3403704000,0.180786,0.307802,9.78314,0.0157883,-0.00405075,-0.0475207,0.998737
3413704000,0.150363,0.272186,9.78989,0.0158705,-0.00404468,-0.0471031,0.998756
3423704000,0.116906,0.322893,9.8063,0.0159202,-0.0040416,-0.0466648,0.998776
3433704000,0.167153,0.263836,9.74095,0.0159701,-0.0040288,-0.0462468,0.998794
3443704000,0.116901,0.27066,9.72444,0.0160212,-0.00403296,-0.0458219,0.998813
3453704000,0.131081,0.312159,9.82308,0.0160537,-0.00403025,-0.0453994,0.998832
3463704000,0.193094,0.311763,9.74845,0.0161034,-0.00402502,-0.0449685,0.998851
3473704000,0.0718159,0.244345,9.76522,0.0161318,-0.00404828,-0.0445462,0.998869
3483704000,0.159649,0.268462,9.74686,0.0161437,-0.00407386,-0.0441217,0.998888
3493704000,0.223867,0.283843,9.73224,0.0161579,-0.00409919,-0.0436964,0.998906
3503704000,0.130224,0.190173,9.68437,0.0161545,-0.00413891,-0.0432732,0.998924
3513704000,0.230264,0.248806,9.71432,0.0161547,-0.00416835,-0.0428564,0.998942
3523704000,0.149163,0.289132,9.75423,0.0161457,-0.00422513,-0.0424307,0.99896
3533704000,0.182354,0.215803,9.72044,0.0161291,-0.00426912,-0.0420115,0.998978
3543704000,0.213872,0.221869,9.71817,0.0161098,-0.00432276,-0.041591,0.998996
3553704000,0.14533,0.210666,9.72939,0.0160859,-0.00437177,-0.0411743,0.999013
3563704000,0.197548,0.317851,9.7733,0.0160414,-0.00445261,-0.0407762,0.99903
3573704000,0.224378,0.236145,9.73377,0.0159877,-0.00451279,-0.040371,0.999047
3583704000,0.167546,0.190668,9.69169,0.0159383,-0.00458256,-0.0399619,0.999064
3593704000,0.308291,0.29179,9.74197,0.0158831,-0.0046622,-0.0395659,0.99908
3603704000,0.159735,0.239755,9.66094,0.0158171,-0.00472931,-0.0391694,0.999096
3613704000,0.196984,0.172927,9.7141,0.0157427,-0.00481257,-0.0387803,0.999112
3623704000,0.246944,0.301005,9.7616,0.0156664,-0.00490709,-0.0383895,0.999128
3633704000,0.176949,0.263221,9.7394,0.0155856,-0.00502437,-0.0379961,0.999144
3643704000,0.195529,0.277955,9.72937,0.0154927,-0.00512279,-0.0376292,0.999159
3653704000,0.231632,0.302662,9.71268,0.0154044,-0.00522318,-0.0372547,0.999173
3663704000,0.153231,0.312288,9.75535,0.0153011,-0.00532516,-0.0368772,0.999189
3673704000,0.218375,0.312699,9.73955,0.0151863,-0.00543689,-0.0365154,0.999203
3683704000,0.220318,0.269873,9.72157,0.0150784,-0.00553423,-0.0361489,0.999217
3693704000,0.18027,0.326462,9.7639,0.0149633,-0.00563654,-0.0357856,0.999232
3703704000,0.221026,0.336814,9.77765,0.0148424,-0.00573352,-0.0354316,0.999246
3713704000,0.184967,0.325351,9.76003,0.0147313,-0.00584779,-0.0350838,0.999259
3723704000,0.124497,0.336666,9.78245,0.0146224,-0.0059593,-0.0347372,0.999272
3733704000,0.217388,0.38931,9.78638,0.0145057,-0.00608058,-0.0343969,0.999285
3743704000,0.118137,0.320905,9.75247,0.0143935,-0.00620989,-0.0340529,0.999297
3753704000,0.108822,0.316709,9.75782,0.0142729,-0.0063303,-0.0337113,0.99931
3763704000,0.21557,0.411059,9.80567,0.0141424,-0.00645394,-0.0333749,0.999322
3773704000,0.11319,0.367297,9.76724,0.0140263,-0.00657342,-0.0330404,0.999334
3783704000,0.190586,0.400042,9.81659,0.0138954,-0.00668424,-0.0327054,0.999346
3793704000,0.169086,0.387853,9.78638,0.0137788,-0.00680053,-0.0323738,0.999358
3803704000,0.136715,0.363931,9.79885,0.0136588,-0.00692901,-0.0320328,0.99937
3813704000,0.206748,0.399718,9.75314,0.0135512,-0.00706306,-0.0316994,0.999381
3823704000,0.134686,0.371989,9.75066,0.0134468,-0.0071807,-0.0313562,0.999392
3833704000,0.137729,0.416188,9.79728,0.0133363,-0.00730249,-0.0310158,0.999403
3843704000,0.22117,0.397637,9.7726,0.0132203,-0.00741868,-0.030665,0.999415
3853704000,0.11951,0.348986,9.7334,0.0131247,-0.00751787,-0.0303149,0.999426
3863704000,0.148346,0.394651,9.78467,0.0130172,-0.00762516,-0.0299715,0.999437
3873704000,0.203007,0.464772,9.85488,0.0129173,-0.00772116,-0.0296224,0.999448
3883704000,0.0864617,0.405709,9.8181,0.0128167,-0.00783391,-0.0292768,0.999459
3893704000,0.185935,0.447057,9.85483,0.0127301,-0.00793334,-0.0289301,0.999469
3903704000,0.168235,0.440212,9.85433,0.0126544,-0.00804047,-0.0285771,0.999479
3913704000,0.10631,0.401543,9.80202,0.0125728,-0.00813897,-0.0282242,0.999489
3923704000,0.193976,0.426098,9.8629,0.0125007,-0.00821917,-0.0278772,0.999499
3933704000,0.1455,0.41692,9.87695,0.0124269,-0.00830085,-0.0275097,0.99951
3943704000,0.174609,0.422954,9.91219,0.0123623,-0.00838216,-0.0271484,0.99952
3953704000,0.228636,0.34528,9.87618,0.0123073,-0.00845966,-0.0267951,0.999529
3963704000,0.137803,0.379846,9.83065,0.0122426,-0.00853186,-0.026429,0.999539
3973704000,0.1904,0.421798,9.86774,0.0121981,-0.00858449,-0.0260602,0.999549
3983704000,0.193063,0.423045,9.84957,0.0121641,-0.00865196,-0.025693,0.999559
3993704000,0.129873,0.400003,9.84779,0.0121268,-0.00870939,-0.0253178,0.999568
4003704000,0.195289,0.516661,9.90005,0.012086,-0.00875944,-0.0249423,0.999578
4013704000,0.151945,0.411642,9.8625,0.0120436,-0.00880073,-0.0245619,0.999587
4023704000,0.128893,0.300036,9.77798,0.0120244,-0.00884858,-0.0241646,0.999597
4033704000,0.268157,0.369605,9.82806,0.0120235,-0.00886309,-0.0237819,0.999606
4043704000,0.171636,0.331943,9.83503,0.0119979,-0.00889132,-0.0233886,0.999615
4053704000,0.168807,0.345184,9.8088,0.0119912,-0.00890548,-0.0229847,0.999624
4063704000,0.231809,0.30751,9.82926,0.0120018,-0.00892085,-0.0225948,0.999633
4073704000,0.180639,0.328546,9.80344,0.0119916,-0.00893661,-0.0221761,0.999642
4083704000,0.23536,0.303661,9.77592,0.0120046,-0.00892749,-0.0217624,0.999651
4093704000,0.237727,0.307142,9.80284,0.0120174,-0.00893499,-0.0213622,0.99966
4103704000,0.207331,0.330934,9.85306,0.0120335,-0.00891126,-0.0209313,0.999669
4113704000,0.23418,0.352964,9.87835,0.012047,-0.00889543,-0.0205082,0.999678
4123704000,0.216442,0.279601,9.83312,0.0120627,-0.00887375,-0.0200859,0.999686
4143704000,0.265831,0.295807,9.82363,0.0121005,-0.00881608,-0.0192212,0.999703
4153704000,0.186905,0.275668,9.7951,0.0121253,-0.00878916,-0.0187781,0.999712
4163704000,0.256438,0.212708,9.80831,0.0121333,-0.00873503,-0.0183348,0.99972
4173704000,0.245814,0.270208,9.77126,0.0121609,-0.00868971,-0.0179068,0.999728
4183704000,0.280715,0.254711,9.70612,0.0121789,-0.00863143,-0.0174622,0.999736
4193704000,0.245574,0.212567,9.80177,0.0121866,-0.00857169,-0.0170199,0.999744
4203704000,0.325098,0.249165,9.76728,0.0121966,-0.00850937,-0.016585,0.999752
4213704000,0.244238,0.215691,9.83389,0.0121932,-0.00844395,-0.016126,0.99976
4223704000,0.266429,0.243567,9.79534,0.0121976,-0.00835086,-0.0156741,0.999768
4233704000,0.26393,0.200361,9.81024,0.0122123,-0.00828769,-0.0152335,0.999775
4243704000,0.217397,0.232638,9.81072,0.0122025,-0.00820323,-0.0147715,0.999783
4253704000,0.25477,0.24983,9.85743,0.0121967,-0.00812442,-0.0143283,0.99979
4263704000,0.227357,0.18105,9.79294,0.0121867,-0.00804573,-0.0138781,0.999797
4273704000,0.233294,0.220731,9.81797,0.0121602,-0.00796239,-0.0134272,0.999804
4283704000,0.283134,0.200266,9.83488,0.0121612,-0.00787168,-0.0129881,0.999811
4293704000,0.172124,0.139481,9.81127,0.0121431,-0.00778929,-0.0125447,0.999817
4303704000,0.238236,0.234645,9.84475,0.0120999,-0.00769849,-0.0120967,0.999824
4313704000,0.225135,0.22859,9.8,0.012071,-0.00761761,-0.0116674,0.99983
4323704000,0.102994,0.219913,9.81921,0.0120265,-0.00752667,-0.0112278,0.999836
4333704000,0.192944,0.223046,9.82968,0.0119925,-0.00742495,-0.0107843,0.999842
4343704000,0.199058,0.214717,9.7529,0.0119468,-0.00735485,-0.0103511,0.999848
4353704000,0.232176,0.235025,9.79857,0.01189,-0.00727661,-0.00990676,0.999854
4363704000,0.216721,0.182066,9.75556,0.0118261,-0.00719081,-0.0094765,0.999859
4373704000,0.162409,0.195287,9.82162,0.0117717,-0.00711168,-0.00905621,0.999864
4383704000,0.231647,0.237949,9.79614,0.0116946,-0.00703265,-0.00862082,0.99987
4393704000,0.233698,0.138572,9.7746,0.0116295,-0.00695523,-0.00820147,0.999875
4403704000,0.155595,0.144389,9.73898,0.0115571,-0.00687547,-0.00778213,0.999879
4413704000,0.263371,0.282682,9.82032,0.0114653,-0.00679911,-0.00735431,0.999884
4423704000,0.184347,0.174869,9.76347,0.0113739,-0.00674128,-0.00694786,0.999889
4433704000,0.181169,0.0814459,9.73667,0.0112681,-0.00666491,-0.00653169,0.999893
4443704000,0.243528,0.182963,9.73972,0.0111564,-0.00659839,-0.00613007,0.999897
4453704000,0.137348,0.245158,9.76245,0.0110489,-0.00653221,-0.00573424,0.999901
4463704000,0.198358,0.163034,9.77122,0.0109198,-0.00648168,-0.00533562,0.999905
4473704000,0.154762,0.236211,9.78031,0.0108001,-0.00642671,-0.0049408,0.999909
4483704000,0.144599,0.246618,9.78398,0.010682,-0.00638614,-0.00455049,0.999912
4493704000,0.215224,0.188379,9.73038,0.0105401,-0.0063413,-0.00416664,0.999916
4503704000,0.130336,0.188986,9.68279,0.0104146,-0.00630361,-0.00379071,0.999919
4513704000,0.16855,0.193719,9.747,0.0102782,-0.00626169,-0.00341021,0.999922
4523704000,0.203916,0.312293,9.76005,0.0101202,-0.00623027,-0.00303007,0.999925
4533704000,0.0980138,0.165038,9.72458,0.00997805,-0.00618822,-0.00266863,0.999928
4543704000,0.130788,0.175782,9.73443,0.00982425,-0.00615625,-0.00230954,0.99993
4553704000,0.25219,0.225442,9.69773,0.00965508,-0.00611911,-0.00195134,0.999933
4563704000,0.112669,0.139623,9.68915,0.00950923,-0.00609429,-0.00159741,0.999935
4573704000,0.197086,0.195373,9.72638,0.00933633,-0.00607734,-0.0012426,0.999937
4583704000,0.197775,0.249367,9.76787,0.00916312,-0.00606141,-0.000886344,0.999939
4593704000,0.14194,0.217612,9.74755,0.00900564,-0.00604225,-0.000532394,0.999941
4603704000,0.223639,0.221558,9.73978,0.00883927,-0.00602457,-0.000189206,0.999943
4613704000,0.158473,0.249531,9.74479,0.00867524,-0.00602542,0.000146518,0.999944
4623704000,0.137262,0.230104,9.75225,0.00851362,-0.00602992,0.000484244,0.999946
4633704000,0.277953,0.236329,9.7327,0.00835092,-0.00602119,0.000818595,0.999947
4643704000,0.12659,0.186825,9.7026,0.0081885,-0.00602166,0.00115309,0.999948
4653704000,0.149538,0.199882,9.66526,0.00803408,-0.00602446,0.00148469,0.999949
4663704000,0.284387,0.273684,9.78236,0.00786723,-0.00603185,0.00182658,0.999949
4673704000,0.0982841,0.246512,9.7239,0.00770362,-0.00604378,0.00215615,0.99995
4683704000,0.256543,0.226437,9.65054,0.00754604,-0.00605417,0.00249264,0.99995
4693704000,0.232674,0.255559,9.70451,0.00739587,-0.00605174,0.00282347,0.99995
4703704000,0.153065,0.222072,9.69972,0.00725739,-0.00606826,0.00315029,0.99995
4713704000,0.309339,0.220146,9.68403,0.00711808,-0.00607351,0.00348223,0.99995
4723704000,0.227148,0.286603,9.74588,0.00699262,-0.006095,0.00381082,0.99995
4733704000,0.150471,0.24883,9.77818,0.00687035,-0.00610746,0.00414036,0.999949
4743704000,0.291223,0.250707,9.69963,0.00674406,-0.00611193,0.00447273,0.999949
4753704000,0.150705,0.225662,9.72313,0.00663121,-0.0061253,0.00481656,0.999948
4763704000,0.226855,0.219797,9.75975,0.00653088,-0.00613528,0.00515325,0.999947
4773704000,0.344821,0.252988,9.76266,0.00642715,-0.00614428,0.00549935,0.999945
4783704000,0.148731,0.180311,9.71817,0.00632851,-0.00615155,0.00584623,0.999944
4793704000,0.31519,0.287786,9.77553,0.00624213,-0.00615676,0.00618956,0.999942
4803704000,0.261309,0.273864,9.78638,0.00615171,-0.00616514,0.00653578,0.999941
4813704000,0.126563,0.218148,9.79518,0.00608256,-0.00616067,0.0069039,0.999939
4823704000,0.316129,0.281723,9.80974,0.00600843,-0.00616147,0.00726793,0.999937
4833704000,0.246254,0.308054,9.80674,0.00595637,-0.00617063,0.00763305,0.999934
4843704000,0.189481,0.232287,9.80223,0.00590772,-0.00616061,0.00800419,0.999932
4853704000,0.330654,0.164542,9.75696,0.00586111,-0.00615654,0.00836904,0.999929
4863704000,0.208536,0.199517,9.77996,0.00583226,-0.00614897,0.00873261,0.999926
4873704000,0.266017,0.252717,9.7828,0.00579733,-0.00613123,0.00912,0.999923
4883704000,0.29568,0.201236,9.79886,0.00578075,-0.00614076,0.00949942,0.999919
4893704000,0.15612,0.198417,9.76734,0.00576992,-0.00613515,0.00987658,0.999916
4903704000,0.30258,0.266956,9.85781,0.00575267,-0.00612106,0.0102641,0.999912
4913704000,0.284408,0.250295,9.84445,0.005736,-0.00611901,0.0106644,0.999908
4923704000,0.168915,0.161073,9.82125,0.00573194,-0.00610831,0.0110651,0.999904
4933704000,0.309444,0.270079,9.86415,0.00573388,-0.006088,0.011456,0.9999
4943704000,0.213022,0.257726,9.8806,0.00574493,-0.00606854,0.0118574,0.999895
4953704000,0.191597,0.173969,9.83043,0.0057459,-0.00604481,0.0122635,0.99989
4963704000,0.311662,0.215757,9.84845,0.00575817,-0.00601661,0.0126651,0.999885
4973704000,0.166875,0.213778,9.84974,0.00576284,-0.00600365,0.0130727,0.99988
4983704000,0.297013,0.155703,9.84076,0.00577377,-0.00597636,0.013486,0.999875
4993704000,0.310629,0.132442,9.80668,0.00579613,-0.00597452,0.0138857,0.999869
5003704000,0.168119,0.186958,9.86402,0.00579513,-0.00597124,0.0142954,0.999863
5013704000,0.298123,0.222819,9.85661,0.00581671,-0.00596059,0.0147001,0.999857
5023704000,0.243626,0.146773,9.8414,0.00582726,-0.00595193,0.0151161,0.999851
5033704000,0.178512,0.122736,9.86402,0.00584557,-0.00595685,0.0155318,0.999845
5043704000,0.334463,0.12753,9.83896,0.00585521,-0.0059472,0.0159382,0.999838
5053704000,0.178136,0.126929,9.93455,0.00586054,-0.0059466,0.0163515,0.999832
5063704000,0.15977,0.138878,9.87494,0.00586909,-0.00595839,0.0167663,0.999825
5073704000,0.2764,0.146736,9.87653,0.00587138,-0.00597103,0.0171728,0.999817
5083704000,0.153565,0.171463,9.89406,0.00586067,-0.00598459,0.017582,0.99981
5093704000,0.179292,0.121357,9.85608,0.00587009,-0.00600089,0.0179772,0.999803
5103704000,0.253285,0.150872,9.84759,0.00588809,-0.00602298,0.0183722,0.999796
5113704000,0.14446,0.153373,9.8624,0.00588334,-0.00605878,0.0187769,0.999788
5123704000,0.20394,0.15738,9.84905,0.00588322,-0.00608581,0.019178,0.99978
5133704000,0.181246,0.0801646,9.79249,0.00588813,-0.006123,0.0195694,0.999772
5143704000,0.101293,0.119874,9.89296,0.00588016,-0.00616518,0.0199763,0.999764
5153704000,0.242758,0.144787,9.83319,0.0058732,-0.00618289,0.0203645,0.999756
5163704000,0.140829,0.0871676,9.83558,0.00585812,-0.00624203,0.0207679,0.999748
5173704000,0.191141,0.0687504,9.80711,0.00585456,-0.00629252,0.0211655,0.999739
5183704000,0.261091,0.104098,9.81316,0.00584235,-0.00635286,0.0215541,0.999731
5193704000,0.125154,0.0862027,9.80365,0.00582886,-0.00642102,0.021944,0.999722
5203704000,0.151115,0.0748809,9.80251,0.00582219,-0.00648193,0.0223288,0.999713
5213704000,0.22441,0.107171,9.82694,0.00581518,-0.00654928,0.0226998,0.999704
5223704000,0.0907895,0.1125,9.81762,0.00580957,-0.00663012,0.0230805,0.999695
5233704000,0.22282,0.0625527,9.77277,0.0057957,-0.0066886,0.0234515,0.999686
5243704000,0.187658,0.0411841,9.73279,0.00577451,-0.00676542,0.0238216,0.999677
5253704000,0.185593,0.0638328,9.76207,0.00575187,-0.00685022,0.0241991,0.999667
5263704000,0.251011,0.0176638,9.67388,0.00573781,-0.00691268,0.0245531,0.999658
5273704000,0.145862,0.0109439,9.71148,0.00571899,-0.00700181,0.024917,0.999649
5283704000,0.183016,0.120326,9.72165,0.00570555,-0.00708278,0.0252727,0.999639
5293704000,0.252992,0.120423,9.72418,0.00569683,-0.00716631,0.0256217,0.99963
5303704000,0.120039,0.0368548,9.68246,0.0056803,-0.00724505,0.025973,0.99962
5313704000,0.221495,0.176517,9.73689,0.00567476,-0.00732273,0.0263238,0.999611
5323704000,0.221324,0.0882826,9.70406,0.00567029,-0.00739575,0.0266654,0.999601
5333704000,0.118456,0.124533,9.68683,0.00566073,-0.00747358,0.0270221,0.999591
5343704000,0.244181,0.0903121,9.70394,0.00566506,-0.00754818,0.027364,0.999581
5353704000,0.196553,0.115456,9.74089,0.00567557,-0.00764004,0.0276999,0.999571
5363704000,0.202743,0.0768016,9.68162,0.00567334,-0.00772209,0.0280343,0.999561
5373704000,0.22201,0.105948,9.68475,0.00567953,-0.00779017,0.028376,0.999551
5383704000,0.190388,0.0924425,9.72888,0.00568748,-0.00787175,0.0287193,0.99954
5393704000,0.236367,0.128499,9.70756,0.00568712,-0.00794286,0.0290617,0.99953
5403704000,0.220517,0.108396,9.72471,0.00568078,-0.00801183,0.0294003,0.99952
5413704000,0.166972,0.13882,9.71508,0.0056804,-0.00807652,0.0297446,0.999509
5423704000,0.242098,0.193802,9.75883,0.00567433,-0.00812989,0.0300776,0.999498
5433704000,0.181277,0.120647,9.7641,0.00567318,-0.00818088,0.0304243,0.999488
5443704000,0.189105,0.16367,9.73708,0.00567012,-0.00823613,0.0307634,0.999477
5453704000,0.236673,0.130005,9.72096,0.00567473,-0.00827713,0.0311008,0.999466
5463704000,0.201827,0.16812,9.71159,0.0056865,-0.00832643,0.0314505,0.999454
5473704000,0.180301,0.141646,9.69886,0.00569854,-0.00837124,0.0317897,0.999443
5483704000,0.221557,0.18501,9.74113,0.00571357,-0.00841668,0.0321471,0.999432
5493704000,0.191378,0.159967,9.72313,0.00572367,-0.0084676,0.0325132,0.999419
5503704000,0.212972,0.19138,9.73472,0.00572364,-0.00851255,0.0328661,0.999407
5513704000,0.218542,0.144932,9.66816,0.00573763,-0.00855261,0.033224,0.999395
5523704000,0.158438,0.137281,9.73,0.00574953,-0.0085894,0.0335812,0.999383
5533704000,0.23153,0.247458,9.77594,0.00576726,-0.00862185,0.0339402,0.99937
5543704000,0.181925,0.166602,9.74369,0.00578343,-0.00865847,0.034305,0.999357
5553704000,0.159198,0.18152,9.80212,0.00579976,-0.00868095,0.0346733,0.999344
5563704000,0.231005,0.219592,9.80684,0.00581475,-0.00871605,0.035044,0.999331
5573704000,0.131321,0.159196,9.81944,0.00583471,-0.00874577,0.0354173,0.999317
5583704000,0.185067,0.195203,9.79669,0.00584818,-0.00877789,0.0357953,0.999304
5593704000,0.226797,0.253317,9.81559,0.00589384,-0.00880336,0.0361751,0.99929
5603704000,0.166665,0.188986,9.81597,0.00592542,-0.00883812,0.0365597,0.999275
5613704000,0.200038,0.241015,9.81528,0.00595372,-0.00885807,0.0369373,0.999261
5623704000,0.179503,0.21852,9.8314,0.00599721,-0.00888515,0.0373228,0.999246
5633704000,0.131011,0.229767,9.81345,0.00603679,-0.0089234,0.0377113,0.999231
5643704000,0.1636,0.239326,9.80531,0.00608972,-0.00895038,0.038092,0.999216
5653704000,0.106234,0.238528,9.83402,0.00612724,-0.00898861,0.0384876,0.9992
5663704000,0.17068,0.269333,9.85149,0.00618964,-0.00901206,0.0388866,0.999184
5673704000,0.189174,0.199897,9.82363,0.00624467,-0.00902503,0.0392761,0.999168
5683704000,0.10538,0.107294,9.78078,0.00630837,-0.00906384,0.0396672,0.999152
5693704000,0.24477,0.267698,9.87262,0.00636385,-0.00908339,0.0400669,0.999135
5703704000,0.233662,0.209788,9.87317,0.00643071,-0.00911415,0.0404739,0.999118
5713704000,0.167251,0.119357,9.82437,0.00651588,-0.00913432,0.0408747,0.999101
5723704000,0.254491,0.234999,9.90712,0.00658479,-0.00916005,0.0412812,0.999084
5733704000,0.21366,0.207455,9.87591,0.0066675,-0.00919041,0.0416938,0.999066
5743704000,0.20248,0.172995,9.88609,0.00675037,-0.00921181,0.042111,0.999048
5753704000,0.246556,0.231246,9.85564,0.00683725,-0.00923017,0.0425252,0.999029
5763704000,0.209706,0.224564,9.88849,0.00693019,-0.00926886,0.0429326,0.999011
5773704000,0.218387,0.164362,9.83266,0.00701328,-0.00929411,0.0433435,0.998992
5783704000,0.237685,0.139385,9.80429,0.00711393,-0.00932484,0.0437604,0.998973
5793704000,0.19227,0.168719,9.84124,0.00720027,-0.0093598,0.0441717,0.998954
5803704000,0.274735,0.258616,9.83318,0.00726355,-0.00938539,0.044585,0.998935
5813704000,0.26749,0.136602,9.82167,0.00735575,-0.00940777,0.0449976,0.998916
5823704000,0.213354,0.0821072,9.78939,0.00744148,-0.00944565,0.0454111,0.998896
5833704000,0.310317,0.184615,9.79809,0.00752515,-0.00946173,0.0458192,0.998877
5843704000,0.20553,0.110449,9.78824,0.00760729,-0.00949368,0.0462453,0.998856
5853704000,0.246434,0.103868,9.81061,0.00767914,-0.00951824,0.0466489,0.998836
5863704000,0.351303,0.204664,9.8184,0.00775064,-0.00952024,0.0470633,0.998816
5873704000,0.225115,0.100745,9.80987,0.00783376,-0.00954503,0.0474852,0.998796
5883704000,0.337694,0.149771,9.81314,0.00790633,-0.00955602,0.0478896,0.998776
5893704000,0.308016,0.15993,9.77008,0.00798352,-0.0095852,0.0483003,0.998755
5903704000,0.268808,0.145065,9.83092,0.00805934,-0.00959677,0.0487074,0.998735
5913704000,0.341567,0.179145,9.78164,0.00813123,-0.00960383,0.0491083,0.998714
5923704000,0.246411,0.13781,9.75964,0.00820471,-0.00960696,0.0495083,0.998694
5933704000,0.234209,0.146901,9.81137,0.00827638,-0.0096094,0.0499122,0.998673
5943704000,0.347123,0.189038,9.79285,0.00833472,-0.00959102,0.0502933,0.998654
5953704000,0.239791,0.104514,9.75869,0.00840149,-0.00959394,0.0506878,0.998633
5963704000,0.314682,0.0929812,9.7753,0.0084576,-0.00958561,0.0510835,0.998613
5973704000,0.358489,0.166639,9.75973,0.00852202,-0.00956949,0.0514668,0.998593
5993704000,0.305997,0.134988,9.73623,0.00863405,-0.00955809,0.0522411,0.998552
6003704000,0.349433,0.188501,9.80804,0.00869632,-0.00955124,0.05261,0.998532
6013704000,0.261823,0.149193,9.78474,0.00875187,-0.00954465,0.0529987,0.998511
6023704000,0.368982,0.194477,9.82571,0.00879916,-0.0095241,0.0533722,0.998491
6033704000,0.304212,0.137436,9.81095,0.00885463,-0.00951754,0.0537476,0.99847
6043704000,0.267294,0.15916,9.81205,0.00890232,-0.00949709,0.0541292,0.998449
6053704000,0.363638,0.108561,9.77128,0.00895855,-0.00947779,0.0544903,0.998429
6063704000,0.268495,0.134094,9.70142,0.0089984,-0.00945251,0.0548631,0.998409
6073704000,0.344095,0.121676,9.79662,0.00904106,-0.00942124,0.055225,0.998389
6083704000,0.388601,0.126832,9.76641,0.00908982,-0.00939963,0.0555789,0.998369
6093704000,0.214271,0.0895353,9.69804,0.00911845,-0.00938701,0.0559444,0.998348
6103704000,0.352851,0.180056,9.73857,0.0091527,-0.0093504,0.0563044,0.998328
6113704000,0.325589,0.256926,9.79047,0.00918809,-0.00932357,0.0566597,0.998308
6123704000,0.188494,0.135208,9.78644,0.00921915,-0.00929056,0.0570234,0.998287
6133704000,0.362621,0.187552,9.77037,0.00926049,-0.00926056,0.0573782,0.998267
6143704000,0.241843,0.217565,9.79564,0.00928898,-0.00924207,0.0577196,0.998247
6153704000,0.22033,0.135361,9.75614,0.00931952,-0.00921348,0.0580723,0.998226
6163704000,0.32754,0.166106,9.78742,0.00936899,-0.00918933,0.0584094,0.998207
6173704000,0.2131,0.205795,9.79862,0.00940388,-0.00918482,0.058756,0.998186
6183704000,0.272161,0.233047,9.78029,0.00942808,-0.00916602,0.0590949,0.998166
6193704000,0.264871,0.247009,9.796,0.00946571,-0.00915923,0.059437,0.998145
6203704000,0.129381,0.164361,9.80816,0.00949356,-0.00914714,0.059787,0.998124
6213704000,0.291585,0.301236,9.81233,0.00951528,-0.00913239,0.0601293,0.998104
6223704000,0.205278,0.201433,9.79702,0.00953412,-0.00914318,0.0604639,0.998083
6233704000,0.165062,0.201508,9.79624,0.00955437,-0.00914991,0.0608182,0.998061
6243704000,0.250593,0.195062,9.8027,0.00957645,-0.00914995,0.0611486,0.998041
6253704000,0.16863,0.217677,9.866,0.00960188,-0.00917999,0.0614768,0.99802
6263704000,0.206816,0.186181,9.85453,0.00961148,-0.00919388,0.0618153,0.997999
6273704000,0.271727,0.222442,9.8231,0.00963629,-0.00920255,0.0621273,0.997979
6283704000,0.16924,0.209089,9.83321,0.00965192,-0.00923409,0.0624537,0.997959
6293704000,0.26333,0.217981,9.81557,0.00966433,-0.00925373,0.0627687,0.997938
6303704000,0.221633,0.214121,9.77573,0.009683,-0.00927485,0.0630818,0.997918
6313704000,0.196128,0.146931,9.7835,0.00970923,-0.00931179,0.0634061,0.997897
6323704000,0.27348,0.245427,9.80453,0.00973035,-0.00933418,0.06373,0.997876
6333704000,0.193575,0.185646,9.76193,0.00974815,-0.00937374,0.0640427,0.997856
6343704000,0.155215,0.214746,9.74612,0.00976077,-0.00940617,0.0643621,0.997835
6353704000,0.233821,0.18026,9.77545,0.00977468,-0.00943156,0.0646681,0.997814
6363704000,0.168874,0.220348,9.75182,0.00981103,-0.00947863,0.0649727,0.997794
6373704000,0.200272,0.142653,9.70781,0.00981453,-0.00950454,0.065289,0.997773
6383704000,0.219077,0.1958,9.74998,0.00983899,-0.00952181,0.0655971,0.997752
6393704000,0.213405,0.196959,9.7872,0.00985642,-0.00956431,0.0659095,0.997731
6403704000,0.231717,0.204632,9.74361,0.00987766,-0.00959297,0.0662291,0.997709
6413704000,0.241735,0.137435,9.77468,0.00991574,-0.00961476,0.0665401,0.997688
6423704000,0.1972,0.180364,9.79068,0.00993614,-0.00963775,0.0668553,0.997667
6433704000,0.264762,0.255649,9.78996,0.00995747,-0.00965738,0.067171,0.997645
6443704000,0.188773,0.160488,9.76157,0.00999604,-0.0096885,0.0674895,0.997623
6453704000,0.269818,0.212699,9.79464,0.0100224,-0.00970174,0.0678106,0.997601
6463704000,0.291624,0.224119,9.78173,0.0100483,-0.00971914,0.068132,0.997578
6473704000,0.182449,0.171227,9.76036,0.0100919,-0.00973424,0.06846,0.997555
6483704000,0.240131,0.174389,9.76264,0.0101385,-0.00974032,0.0687923,0.997532
6493704000,0.238232,0.225654,9.78243,0.0101883,-0.00975085,0.0691274,0.997508
6503704000,0.195717,0.15946,9.78778,0.0102275,-0.00976076,0.0694646,0.997484
6513704000,0.26139,0.159356,9.72755,0.010269,-0.00975568,0.0697938,0.997461
6523704000,0.211973,0.196724,9.74051,0.0103259,-0.00975694,0.0701247,0.997437
6533704000,0.218015,0.164364,9.76875,0.0103691,-0.00974518,0.0704618,0.997413
6543704000,0.26704,0.150142,9.71642,0.0104178,-0.00973288,0.0707913,0.997389
6553704000,0.215306,0.146135,9.72845,0.0104749,-0.00972701,0.071131,0.997365
6563704000,0.283412,0.176134,9.75154,0.0105157,-0.00970169,0.0714811,0.997339
6573704000,0.285798,0.194022,9.77967,0.010569,-0.00968482,0.071824,0.997314
6583704000,0.232221,0.117656,9.75196,0.0106205,-0.00966496,0.0721647,0.99729
6593704000,0.313359,0.221204,9.79249,0.0106724,-0.00964816,0.0725095,0.997264
6603704000,0.332782,0.247185,9.78332,0.0107278,-0.00960908,0.0728558,0.997239
6613704000,0.19735,0.195707,9.8083,0.0107739,-0.00958431,0.0732157,0.997212
6623704000,0.36015,0.259878,9.81181,0.0108211,-0.00953232,0.0735735,0.997186
6633704000,0.259343,0.238932,9.79507,0.0108694,-0.0094829,0.0739191,0.99716
6643704000,0.258442,0.183325,9.77538,0.0109148,-0.00943045,0.0742702,0.997134
6653704000,0.344895,0.176768,9.7262,0.010955,-0.00938443,0.0746245,0.997108
6663704000,0.255412,0.180332,9.75373,0.0110092,-0.00933124,0.0749809,0.997081
6673704000,0.303516,0.183239,9.78516,0.0110478,-0.00926122,0.0753408,0.997054
6683704000,0.364931,0.207207,9.73282,0.0110947,-0.00921085,0.0756943,0.997027
6693704000,0.226233,0.220711,9.7652,0.0111402,-0.0091554,0.0760454,0.997
6703704000,0.351013,0.275774,9.80481,0.0111855,-0.00907363,0.0763954,0.996974
6713704000,0.292193,0.316251,9.82659,0.0112213,-0.0090119,0.0767587,0.996946
6723704000,0.227576,0.204963,9.76348,0.0112673,-0.00895172,0.0771198,0.996918
6733704000,0.374713,0.309459,9.81743,0.011289,-0.0088753,0.0774719,0.996891
6743704000,0.245278,0.246478,9.79967,0.0113331,-0.00880335,0.0778309,0.996863
6753704000,0.239378,0.22808,9.77934,0.0113612,-0.00873074,0.078181,0.996836
6763704000,0.372309,0.285297,9.81826,0.0113922,-0.00863432,0.0785333,0.996809
6773704000,0.186722,0.268088,9.82392,0.0114296,-0.00855734,0.0788964,0.996781
6783704000,0.330343,0.226379,9.7644,0.0114707,-0.00847356,0.0792534,0.996753
6793704000,0.292121,0.250825,9.78516,0.0115039,-0.00839339,0.0796111,0.996724
6803704000,0.201862,0.270596,9.82132,0.0115389,-0.00831726,0.0799769,0.996695
6813704000,0.327025,0.277708,9.79189,0.0115635,-0.00821747,0.0803382,0.996667
6823704000,0.251453,0.222808,9.78892,0.0116051,-0.00812905,0.0807021,0.996638
6833704000,0.219256,0.248469,9.82063,0.0116315,-0.00805157,0.0810647,0.996609
6843704000,0.33058,0.351154,9.83311,0.0116519,-0.00794858,0.0814272,0.99658
6853704000,0.19882,0.230671,9.81148,0.011693,-0.00787478,0.0817867,0.99655
6863704000,0.235107,0.201043,9.79679,0.0117164,-0.00779705,0.0821409,0.996521
6873704000,0.324868,0.341709,9.84853,0.0117376,-0.00771499,0.0825055,0.996492
6883704000,0.158583,0.276328,9.82311,0.0117749,-0.0076337,0.0828753,0.996461
6893704000,0.293308,0.26929,9.82229,0.0117892,-0.00755234,0.0832401,0.996431
6903704000,0.321312,0.255474,9.7921,0.011825,-0.00748069,0.0836068,0.996401
6913704000,0.194451,0.217043,9.7683,0.0118601,-0.0074237,0.0839775,0.99637
6923704000,0.331734,0.247642,9.81627,0.0118936,-0.00735347,0.0843408,0.996339
6933704000,0.204409,0.264968,9.82911,0.011934,-0.00729281,0.0846939,0.996309
6943704000,0.180544,0.290744,9.85253,0.0119618,-0.00723175,0.0850693,0.996277
6953704000,0.330129,0.270687,9.76921,0.012002,-0.00717884,0.0854274,0.996246
6963704000,0.171317,0.262561,9.79395,0.0120428,-0.00712609,0.0857927,0.996215
6973704000,0.214923,0.284962,9.81493,0.0120759,-0.0070716,0.0861645,0.996183
6983704000,0.327319,0.252805,9.7761,0.0121203,-0.00700963,0.0865263,0.996151
6993704000,0.1577,0.217855,9.76472,0.0121512,-0.00697674,0.0868953,0.996119
7003704000,0.264282,0.229436,9.79729,0.0121775,-0.00691601,0.0872554,0.996088
7013704000,0.274443,0.321544,9.77028,0.0122051,-0.00687417,0.0876082,0.996057
7023704000,0.104747,0.257756,9.73761,0.0122199,-0.00683539,0.0879622,0.996026
7033704000,0.228597,0.31213,9.80286,0.0122449,-0.00680446,0.0883178,0.995994
7043704000,0.189656,0.33288,9.77888,0.012265,-0.00677982,0.0886678,0.995963
7053704000,0.139246,0.279298,9.78532,0.012287,-0.00675814,0.0890118,0.995932
7063704000,0.244719,0.272946,9.73256,0.0122963,-0.00673115,0.089354,0.995901
7073704000,0.162264,0.264636,9.73129,0.0123257,-0.00672168,0.089689,0.995871
7083704000,0.219481,0.284652,9.71368,0.0123267,-0.00670764,0.0900249,0.995841
7093704000,0.299586,0.229045,9.69193,0.0123332,-0.00668473,0.0903658,0.99581
7103704000,0.159094,0.207043,9.64484,0.0123348,-0.00668018,0.0907006,0.995779
7113704000,0.264007,0.311433,9.69739,0.0123258,-0.00667058,0.0910339,0.995749
7123704000,0.290703,0.248835,9.68647,0.0123155,-0.00666659,0.0913609,0.995719
7133704000,0.166717,0.224203,9.67088,0.0122934,-0.00665718,0.0916908,0.99569
7143704000,0.317499,0.304867,9.70539,0.0122686,-0.00664342,0.0920257,0.995659
7153704000,0.233297,0.299134,9.75979,0.0122412,-0.00664128,0.0923545,0.995629
7163704000,0.217212,0.262629,9.73211,0.0122142,-0.00664373,0.0926842,0.995599
7173704000,0.265553,0.256156,9.69745,0.0121754,-0.00664158,0.0930082,0.995569
7183704000,0.225264,0.26411,9.73787,0.0121414,-0.00665683,0.0933368,0.995538
7193704000,0.236668,0.322381,9.73676,0.0120957,-0.00665484,0.0936583,0.995509
7203704000,0.25974,0.243145,9.68059,0.012043,-0.0066592,0.0939859,0.995479
7213704000,0.214094,0.284659,9.74506,0.0119833,-0.00668089,0.0943261,0.995447
7223704000,0.294485,0.280219,9.71259,0.0119359,-0.00666847,0.0946468,0.995417
7233704000,0.278756,0.228727,9.71645,0.0118705,-0.00668007,0.0949757,0.995387
7243704000,0.195608,0.25213,9.68841,0.0118271,-0.00670168,0.0953153,0.995354
7253704000,0.332848,0.315832,9.71084,0.0117699,-0.00670812,0.0956442,0.995323
7263704000,0.244846,0.252019,9.68234,0.0116921,-0.00673119,0.0959729,0.995293
7273704000,0.216185,0.195273,9.68249,0.0116316,-0.00675081,0.0963042,0.995261
7283704000,0.299576,0.310166,9.734,0.0115766,-0.00675775,0.0966289,0.99523
7293704000,0.210127,0.29354,9.73867,0.0115261,-0.00677573,0.0969637,0.995198
7303704000,0.228565,0.308507,9.78504,0.0114787,-0.00677398,0.0972974,0.995166
7313704000,0.269486,0.29556,9.7323,0.0114401,-0.0067813,0.0976363,0.995133
7323704000,0.188014,0.274285,9.74904,0.0113864,-0.00680283,0.0979832,0.9951
7333704000,0.236892,0.296298,9.772,0.0113581,-0.00681178,0.098327,0.995066
7343704000,0.251818,0.276516,9.76091,0.0113298,-0.00681199,0.0986819,0.995031
7353704000,0.209455,0.351933,9.82907,0.011303,-0.00682539,0.0990342,0.994997
7363704000,0.25973,0.309036,9.7957,0.0112793,-0.0068359,0.0993877,0.994961
7373704000,0.214265,0.217031,9.76928,0.011262,-0.00684051,0.0997515,0.994925
7383704000,0.168151,0.315093,9.7898,0.011254,-0.00685283,0.100116,0.994889
7393704000,0.223539,0.305187,9.80869,0.0112506,-0.00685534,0.100481,0.994852
7403704000,0.18454,0.245413,9.76346,0.0112503,-0.00687701,0.100853,0.994814
7413704000,0.222797,0.301766,9.7687,0.0112564,-0.00688391,0.101212,0.994777
7423704000,0.209518,0.302654,9.77535,0.0112688,-0.00690038,0.101587,0.994739
7433704000,0.12941,0.255591,9.77652,0.0112915,-0.00692488,0.101966,0.9947
7443704000,0.211858,0.280243,9.81414,0.0113267,-0.00693854,0.102343,0.994661
7453704000,0.218261,0.262447,9.79997,0.011376,-0.00696086,0.10273,0.99462
7463704000,0.148253,0.350461,9.86578,0.0114062,-0.00698128,0.103121,0.994579
7473704000,0.193622,0.279187,9.8417,0.0114521,-0.00699882,0.103509,0.994538
7483704000,0.128986,0.259833,9.87286,0.0115063,-0.00702412,0.103911,0.994495
7493704000,0.225623,0.288296,9.85765,0.0115582,-0.00705141,0.104299,0.994454
7503704000,0.187806,0.269316,9.85593,0.0116244,-0.00709153,0.104688,0.994412
7513704000,0.155998,0.294423,9.92061,0.0116937,-0.00712716,0.105083,0.994369
7523704000,0.163794,0.403686,9.92768,0.0117608,-0.00715738,0.105479,0.994326
7533704000,0.172719,0.335214,9.89725,0.0118401,-0.00718264,0.105878,0.994283
7543704000,0.15398,0.257063,9.84191,0.0119273,-0.00722269,0.106267,0.99424
7553704000,0.156487,0.286975,9.8467,0.0120127,-0.00726284,0.106662,0.994196
7563704000,0.179494,0.283018,9.87919,0.0121044,-0.00729985,0.107072,0.994151
7573704000,0.138882,0.247813,9.84279,0.012191,-0.00734068,0.107471,0.994106
7583704000,0.176409,0.248831,9.84162,0.0122795,-0.00737644,0.107856,0.994063
7593704000,0.170511,0.195677,9.79928,0.0123697,-0.00741847,0.108259,0.994018
7603704000,0.192536,0.262545,9.81558,0.0124593,-0.00745342,0.108647,0.993974
7613704000,0.189393,0.217788,9.80164,0.0125363,-0.00748984,0.109046,0.993929
7623704000,0.156888,0.249049,9.84961,0.0126044,-0.0075304,0.109442,0.993885
7633704000,0.181289,0.31761,9.88396,0.0126775,-0.00758105,0.10984,0.993839
7643704000,0.16769,0.154873,9.8189,0.0127664,-0.00762875,0.110243,0.993794
7653704000,0.181415,0.213928,9.81625,0.0128364,-0.00767856,0.110643,0.993748
7663704000,0.187644,0.239813,9.85624,0.012905,-0.00772055,0.111027,0.993704
7673704000,0.155061,0.214498,9.79087,0.0129661,-0.00777083,0.111422,0.993658
7683704000,0.242248,0.183185,9.83342,0.0130234,-0.00782827,0.11181,0.993613
7693704000,0.22896,0.207197,9.78891,0.0130792,-0.00787733,0.112201,0.993568
7703704000,0.195377,0.181599,9.75485,0.0131108,-0.00792439,0.112594,0.993523
7713704000,0.198464,0.174314,9.74187,0.0131504,-0.00796599,0.112965,0.99348
7723704000,0.219216,0.196352,9.76137,0.0131906,-0.00800285,0.113346,0.993436
7733704000,0.202836,0.219559,9.76347,0.0132273,-0.00803442,0.113726,0.993392
7743704000,0.206016,0.189638,9.78436,0.0132578,-0.00804568,0.114099,0.993348
7753704000,0.192051,0.216441,9.79292,0.0132928,-0.00807248,0.114481,0.993304
7763704000,0.236692,0.196796,9.79089,0.0133063,-0.0080981,0.114862,0.993259
7773704000,0.244829,0.216076,9.79917,0.0133135,-0.00810864,0.115225,0.993217
7783704000,0.17861,0.223021,9.74269,0.013327,-0.00812293,0.115607,0.993173
7793704000,0.229164,0.2489,9.80759,0.0133174,-0.00812942,0.115973,0.99313
7803704000,0.264683,0.206489,9.78535,0.0133256,-0.00812465,0.116343,0.993087
7813704000,0.249514,0.0809157,9.70907,0.0133206,-0.00812991,0.116714,0.993043
7823704000,0.289251,0.23313,9.77629,0.0133043,-0.00811253,0.11708,0.993
7833704000,0.256843,0.211013,9.74642,0.0132834,-0.00810307,0.117447,0.992957
7843704000,0.197246,0.137391,9.7802,0.0132676,-0.00808087,0.11783,0.992912
7853704000,0.252128,0.302329,9.81408,0.0132685,-0.0080557,0.118196,0.992869
7863704000,0.232256,0.270386,9.78893,0.0132521,-0.00802464,0.118561,0.992826
7873704000,0.217472,0.1859,9.74683,0.0132141,-0.00797121,0.118929,0.992783
7883704000,0.220408,0.214478,9.76299,0.013194,-0.00792855,0.119285,0.992741
7893704000,0.18396,0.254,9.78614,0.0131563,-0.00788516,0.119658,0.992697
7903704000,0.265347,0.225813,9.78035,0.0131178,-0.00783385,0.120027,0.992653
7913704000,0.229144,0.232784,9.74115,0.0130953,-0.00778422,0.120384,0.992611
7923704000,0.240782,0.227054,9.76702,0.0130614,-0.00773633,0.120756,0.992566
7933704000,0.31931,0.284968,9.74061,0.0130156,-0.00767944,0.121118,0.992523
7943704000,0.182028,0.221937,9.76709,0.012986,-0.00762791,0.121482,0.99248
7953704000,0.233087,0.250061,9.74688,0.012929,-0.00757446,0.121861,0.992434
7963704000,0.256562,0.310749,9.7598,0.0128836,-0.00752776,0.122233,0.992389
7973704000,0.166147,0.244227,9.74515,0.0128462,-0.00747716,0.122613,0.992343
7983704000,0.22006,0.243378,9.8098,0.0127907,-0.00741518,0.122999,0.992297
7993704000,0.255528,0.298217,9.76979,0.0127362,-0.00735616,0.123377,0.992251
8003704000,0.192077,0.287269,9.74084,0.012679,-0.00730695,0.123771,0.992203
8013704000,0.298904,0.168152,9.77226,0.0126193,-0.00725158,0.124162,0.992155
8023704000,0.225269,0.315397,9.77112,0.0125667,-0.0072041,0.124554,0.992107
8033704000,0.216409,0.307141,9.78703,0.0125203,-0.00715489,0.124956,0.992057
8043704000,0.303279,0.308614,9.77749,0.0124538,-0.00709543,0.125357,0.992008
8053704000,0.174666,0.296156,9.76652,0.0123992,-0.00704711,0.12576,0.991958
8063704000,0.229907,0.277004,9.7809,0.0123326,-0.00698386,0.126173,0.991907
8073704000,0.288069,0.336494,9.80782,0.0122632,-0.00691412,0.126578,0.991857
8083704000,0.161638,0.276957,9.78948,0.0122054,-0.00685985,0.126989,0.991805
8093704000,0.271944,0.321522,9.7795,0.0121349,-0.00681052,0.127408,0.991753
8103704000,0.258085,0.338741,9.81912,0.0120775,-0.00676364,0.127817,0.991701
8113704000,0.138829,0.367301,9.78698,0.0120031,-0.00671726,0.128254,0.991646
8123704000,0.260695,0.301676,9.74666,0.0119386,-0.00666449,0.128692,0.99159
8133704000,0.220981,0.346191,9.81447,0.0118824,-0.00660634,0.129131,0.991534
8143704000,0.172342,0.289052,9.76931,0.0118222,-0.0065476,0.12958,0.991477
8153704000,0.28079,0.319455,9.79666,0.0117481,-0.00651143,0.130034,0.991419
8163704000,0.215643,0.325685,9.82761,0.0116759,-0.00647987,0.130489,0.99136
8173704000,0.262575,0.341102,9.86464,0.0116053,-0.00644986,0.130958,0.991299
8183704000,0.261985,0.305145,9.80882,0.0115388,-0.00641691,0.131424,0.991238
8193704000,0.164403,0.253632,9.7937,0.0114714,-0.00640299,0.131898,0.991176
8203704000,0.259763,0.371497,9.83823,0.0114062,-0.00638345,0.132381,0.991113
8213704000,0.246694,0.335103,9.81905,0.0113309,-0.00636431,0.132857,0.99105
8223704000,0.15685,0.272798,9.79618,0.0112702,-0.00635541,0.133351,0.990984
8233704000,0.285425,0.305974,9.81494,0.0112142,-0.0063432,0.133836,0.99092
8243704000,0.253215,0.313377,9.79663,0.0111635,-0.00635005,0.134325,0.990854
8253704000,0.146822,0.272579,9.74146,0.0111084,-0.00635101,0.134827,0.990787
8263704000,0.26132,0.272792,9.74659,0.0110532,-0.00633619,0.135326,0.990719
8273704000,0.208355,0.30335,9.76367,0.0110299,-0.00635603,0.135822,0.990651
8283704000,0.208039,0.226791,9.75497,0.0109752,-0.00637133,0.13632,0.990584
8293704000,0.244282,0.223969,9.73519,0.0109353,-0.00638738,0.136811,0.990516
8303704000,0.169698,0.228329,9.75137,0.0109051,-0.00640704,0.1373,0.990449
8313704000,0.238803,0.244487,9.77733,0.0108641,-0.00643433,0.137794,0.99038
8323704000,0.268932,0.278903,9.78249,0.0108423,-0.006459,0.138284,0.990312
8333704000,0.182105,0.248627,9.78325,0.0108282,-0.00649421,0.13878,0.990243
8343704000,0.290939,0.317382,9.82595,0.0108063,-0.00653301,0.139271,0.990174
8353704000,0.209267,0.197581,9.78951,0.010796,-0.00657723,0.139761,0.990105
8363704000,0.202645,0.178768,9.76677,0.0107797,-0.00661669,0.14025,0.990035
8373704000,0.295809,0.240454,9.81707,0.0107615,-0.00666267,0.14073,0.989967
8383704000,0.170226,0.219854,9.78579,0.0107726,-0.0067222,0.141212,0.989898
8393704000,0.223254,0.233745,9.81524,0.0107738,-0.00677599,0.141699,0.989828
8403704000,0.300544,0.215182,9.75909,0.0107794,-0.00682768,0.142165,0.989761
8413704000,0.172815,0.18804,9.7486,0.010779,-0.00689233,0.142633,0.989693
8423704000,0.243261,0.195469,9.68361,0.0107814,-0.00695609,0.143106,0.989624
8433704000,0.209556,0.177087,9.69893,0.0108008,-0.0070222,0.143568,0.989557
8443704000,0.186523,0.190508,9.75041,0.01082,-0.00709383,0.144024,0.98949
8453704000,0.24915,0.215061,9.77139,0.01083,-0.00716662,0.144472,0.989424
8463704000,0.223881,0.133475,9.73973,0.0108565,-0.0072324,0.144913,0.989358
8473704000,0.169067,0.188058,9.75503,0.0108726,-0.00730155,0.145368,0.989291
8483704000,0.279423,0.205611,9.79759,0.0108939,-0.00736417,0.1458,0.989227
8493704000,0.1886,0.16414,9.76846,0.0109177,-0.00744423,0.146228,0.989163
8503704000,0.213001,0.143368,9.71064,0.0109313,-0.00752385,0.146648,0.9891
8513704000,0.244398,0.153461,9.73922,0.0109548,-0.00760032,0.147064,0.989037
8523704000,0.183189,0.199503,9.76707,0.0109851,-0.00767956,0.14748,0.988974
8533704000,0.232309,0.203369,9.77306,0.0110046,-0.0077661,0.147895,0.988912
8543704000,0.203563,0.235084,9.77258,0.0110286,-0.00784759,0.148301,0.98885
8553704000,0.17987,0.172858,9.75525,0.0110518,-0.00793936,0.148711,0.988787
8563704000,0.193424,0.218428,9.78186,0.0110593,-0.00800135,0.149122,0.988725
8573704000,0.151201,0.158935,9.77034,0.0110972,-0.00807897,0.149507,0.988665
8583704000,0.142466,0.270255,9.80286,0.0111112,-0.00816889,0.149906,0.988604
8593704000,0.188218,0.223404,9.80255,0.0111363,-0.00824098,0.150287,0.988545
8603704000,0.133634,0.140948,9.73591,0.0111583,-0.00832071,0.150676,0.988485
8613704000,0.146662,0.226087,9.7444,0.0111759,-0.00838543,0.151062,0.988426
8623704000,0.202564,0.214059,9.78491,0.0111959,-0.00845099,0.151445,0.988366
8633704000,0.119761,0.13298,9.71095,0.011224,-0.00851481,0.151826,0.988307
8643704000,0.182573,0.227583,9.75305,0.0112312,-0.00856947,0.152201,0.988249
8653704000,0.184512,0.246184,9.75451,0.0112467,-0.00862219,0.152572,0.988191
8663704000,0.0825176,0.193259,9.72683,0.0112548,-0.00866708,0.15295,0.988132
8673704000,0.163586,0.182052,9.73978,0.0112736,-0.00872637,0.153325,0.988073
8683704000,0.122607,0.242946,9.7552,0.0112797,-0.00877604,0.153702,0.988014
8693704000,0.146889,0.214457,9.7909,0.0112793,-0.00881954,0.154079,0.987955
8703704000,0.138816,0.209627,9.78241,0.0112848,-0.00887261,0.154452,0.987896
8713704000,0.105862,0.220506,9.81908,0.0112953,-0.00890352,0.154841,0.987835
8723704000,0.174818,0.219961,9.80649,0.0113005,-0.00892665,0.155226,0.987774
8733704000,0.176984,0.182486,9.77275,0.0112953,-0.00895129,0.155618,0.987712
8743704000,0.114563,0.227586,9.80199,0.0112939,-0.00897584,0.156014,0.98765
8753704000,0.242877,0.289378,9.79651,0.0112775,-0.00898365,0.156417,0.987586
8763704000,0.173589,0.214262,9.77664,0.0112689,-0.0089791,0.156819,0.987522
8773704000,0.13446,0.122267,9.74038,0.0112583,-0.00898398,0.157226,0.987458
8783704000,0.26152,0.224325,9.83749,0.0112333,-0.00896121,0.15763,0.987394
8793704000,0.144234,0.224245,9.80993,0.0112109,-0.00895752,0.158046,0.987328
8803704000,0.173366,0.22153,9.77607,0.0112007,-0.00894453,0.158474,0.987259
8813704000,0.236929,0.24394,9.7961,0.0111726,-0.00890872,0.158899,0.987191
8823704000,0.126025,0.227846,9.77932,0.0111577,-0.00889113,0.159334,0.987122
8833704000,0.24171,0.197161,9.74387,0.0111226,-0.0088486,0.159773,0.987052
8843704000,0.161302,0.263971,9.78339,0.0110936,-0.00880657,0.160216,0.98698
8853704000,0.139714,0.226055,9.7652,0.0110598,-0.00876216,0.160654,0.98691
8863704000,0.245903,0.228437,9.79544,0.0110329,-0.00872329,0.161107,0.986837
8873704000,0.168927,0.177615,9.73967,0.0110076,-0.00867504,0.161572,0.986762
8883704000,0.145374,0.201719,9.75364,0.0109917,-0.00861204,0.162038,0.986686
8893704000,0.266046,0.195043,9.7499,0.010965,-0.00855486,0.162498,0.986611
8903704000,0.191649,0.145557,9.73125,0.0109347,-0.00850329,0.162985,0.986531
8913704000,0.220302,0.224869,9.75494,0.0109007,-0.00842059,0.163467,0.986453
8923704000,0.27467,0.147041,9.73984,0.010863,-0.00835211,0.163945,0.986374
8933704000,0.164216,0.211523,9.77753,0.0108405,-0.00826821,0.164436,0.986294
8943704000,0.227757,0.186435,9.7746,0.0108097,-0.0081852,0.164925,0.986213
8953704000,0.234237,0.261996,9.82961,0.010781,-0.00810635,0.165416,0.986132
8963704000,0.21772,0.198085,9.77923,0.0107479,-0.00801781,0.165923,0.986048
8973704000,0.250243,0.206392,9.80558,0.0107158,-0.00793204,0.166414,0.985966
8983704000,0.22996,0.220946,9.83108,0.0106787,-0.00785175,0.166914,0.985882
8993704000,0.236527,0.185523,9.7993,0.0106432,-0.00776122,0.167422,0.985797
9003704000,0.2708,0.178625,9.75596,0.0106151,-0.00766115,0.167924,0.985713
9013704000,0.181,0.156485,9.75899,0.0105811,-0.00756298,0.168433,0.985628
9023704000,0.256724,0.180499,9.77716,0.0105331,-0.00745878,0.168933,0.985543
9033704000,0.279356,0.173555,9.80518,0.01049,-0.00735892,0.169436,0.985458
9043704000,0.198015,0.129726,9.75097,0.0104509,-0.00726266,0.169938,0.985373
9053704000,0.295109,0.183384,9.81454,0.0104063,-0.00716278,0.170437,0.985288
9063704000,0.266258,0.247911,9.78712,0.0103726,-0.00706166,0.170931,0.985203
9073704000,0.186158,0.160377,9.84541,0.010334,-0.00696551,0.171426,0.985118
9083704000,0.297517,0.217454,9.87303,0.0102776,-0.00686543,0.171928,0.985032
9093704000,0.240903,0.227745,9.86425,0.0102394,-0.00678195,0.172408,0.984949
9103704000,0.18356,0.145554,9.80645,0.0101924,-0.0066904,0.172896,0.984865
9113704000,0.299479,0.170197,9.75363,0.0101428,-0.00659562,0.173379,0.984781
9123704000,0.179006,0.201792,9.84085,0.0101059,-0.00651222,0.173861,0.984697
9133704000,0.220285,0.178382,9.83909,0.0100611,-0.0064231,0.174339,0.984613
9143704000,0.266178,0.179574,9.7841,0.0100267,-0.00632842,0.174808,0.984531
9153704000,0.162515,0.197762,9.83261,0.00999009,-0.00624254,0.175272,0.98445
9163704000,0.241197,0.252628,9.86907,0.00994085,-0.0061523,0.175737,0.984368
9173704000,0.194277,0.187941,9.78693,0.00989511,-0.00607634,0.176199,0.984286
9183704000,0.12044,0.196993,9.7951,0.00984313,-0.00600475,0.17666,0.984205
9193704000,0.253187,0.213149,9.86935,0.00980539,-0.00592829,0.177102,0.984126
9203704000,0.14761,0.224275,9.8344,0.00975717,-0.00586166,0.17755,0.984046
9213704000,0.188199,0.124523,9.83447,0.00971671,-0.00579387,0.177992,0.983967
9223704000,0.281362,0.193679,9.83576,0.00966721,-0.00572289,0.178437,0.983887
9233704000,0.150881,0.239237,9.89483,0.00960657,-0.00567554,0.178877,0.983808
9243704000,0.146101,0.227077,9.90244,0.00954401,-0.00560858,0.179304,0.983732
9253704000,0.269969,0.204946,9.78383,0.0094947,-0.00555516,0.17973,0.983654
9263704000,0.15492,0.148159,9.80087,0.00943646,-0.00551069,0.180151,0.983578
9273704000,0.244197,0.235336,9.87643,0.00937118,-0.00547026,0.180577,0.983501
9283704000,0.211881,0.191176,9.84867,0.00931876,-0.00544939,0.180991,0.983426
9293704000,0.0918631,0.259532,9.91994,0.00926511,-0.00543454,0.181401,0.983351
9303704000,0.25006,0.270895,9.88489,0.00921397,-0.00540652,0.181809,0.983276
9323704000,0.16532,0.150932,9.87111,0.00912568,-0.00538614,0.182608,0.983129
9333704000,0.270717,0.259159,9.86203,0.00907567,-0.00538328,0.183001,0.983056
9343704000,0.128166,0.206144,9.88555,0.00903524,-0.00538718,0.183407,0.982981
9353704000,0.173148,0.186708,9.84643,0.00896896,-0.00539511,0.183808,0.982906
9363704000,0.284688,0.208524,9.87938,0.00891684,-0.0054173,0.184207,0.982832
9373704000,0.11253,0.199179,9.87626,0.00886561,-0.00544191,0.184607,0.982757
9383704000,0.221938,0.226113,9.85268,0.00880673,-0.00545788,0.185013,0.982681
9393704000,0.203984,0.220759,9.84517,0.0087603,-0.00548776,0.185412,0.982607
9403704000,0.115539,0.305567,9.92416,0.00869485,-0.00551435,0.185823,0.982529
9413704000,0.231153,0.198886,9.87113,0.00865631,-0.00555529,0.186225,0.982453
9423704000,0.133957,0.168308,9.82688,0.00860472,-0.00560391,0.186631,0.982376
9433704000,0.150185,0.25167,9.8631,0.00854268,-0.00565462,0.187036,0.9823
9443704000,0.264437,0.176238,9.82447,0.00848703,-0.0056882,0.187439,0.982223
9453704000,0.167449,0.104016,9.76663,0.00842625,-0.00573073,0.18785,0.982145
9463704000,0.209336,0.173911,9.79495,0.00836473,-0.00577782,0.188256,0.982067
9473704000,0.220691,0.20648,9.81937,0.0083223,-0.00581739,0.188671,0.981988
9483704000,0.1165,0.122503,9.78544,0.00825671,-0.00586711,0.189079,0.98191
9493704000,0.212959,0.173281,9.7805,0.00820891,-0.00591531,0.18949,0.981831
9503704000,0.244622,0.258979,9.78396,0.00815498,-0.00596827,0.189912,0.981749
9513704000,0.154814,0.143368,9.77898,0.00808351,-0.00602148,0.190339,0.981667
9523704000,0.266382,0.200538,9.83167,0.00802372,-0.00606581,0.190761,0.981585
9533704000,0.217336,0.181511,9.82668,0.0079687,-0.00612396,0.191187,0.981502
9543704000,0.214132,0.238404,9.86133,0.00789782,-0.00616179,0.191616,0.981419
9553704000,0.244536,0.233676,9.79913,0.00784877,-0.006208,0.192052,0.981334
9563704000,0.147863,0.189144,9.8187,0.00778937,-0.00626272,0.192503,0.981246
9573704000,0.279777,0.255897,9.84695,0.00773444,-0.00630484,0.192948,0.981158
9583704000,0.248622,0.192248,9.80101,0.00768572,-0.00635001,0.193401,0.981069
9593704000,0.20694,0.106541,9.74343,0.00764704,-0.00638834,0.193866,0.980978
9603704000,0.291474,0.220921,9.78483,0.00757647,-0.00643175,0.194331,0.980886
9613704000,0.229471,0.21527,9.77385,0.00752425,-0.00647626,0.194813,0.98079
9623704000,0.194042,0.191981,9.7827,0.00747472,-0.00651395,0.195292,0.980695
9633704000,0.264599,0.191122,9.75426,0.00742271,-0.00653995,0.195777,0.980599
9643704000,0.20635,0.218456,9.78637,0.00737751,-0.00657407,0.196277,0.980499
9653704000,0.199656,0.274748,9.77508,0.00732516,-0.00659874,0.196774,0.980399
9663704000,0.23806,0.189202,9.7697,0.00728524,-0.00661134,0.197263,0.980301
9673704000,0.184075,0.206367,9.75025,0.00723438,-0.00662156,0.197772,0.980199
9683704000,0.212311,0.237993,9.79457,0.00719578,-0.00663733,0.198272,0.980098
9693704000,0.209068,0.162093,9.72374,0.00714722,-0.00664566,0.198772,0.979997
9703704000,0.169269,0.177272,9.78804,0.0071091,-0.00663583,0.199282,0.979894
9713704000,0.232711,0.253442,9.78332,0.00707066,-0.00662444,0.199787,0.979791
9723704000,0.196845,0.184746,9.73733,0.00703633,-0.00662287,0.200309,0.979685
9733704000,0.213213,0.143248,9.73602,0.00699364,-0.00660772,0.200823,0.97958
9743704000,0.256322,0.177934,9.76439,0.00696263,-0.00660387,0.201339,0.979475
9753704000,0.194447,0.217747,9.77236,0.00692102,-0.00657664,0.201863,0.979367
9763704000,0.187868,0.159388,9.74596,0.00687934,-0.0065661,0.202373,0.979262
9773704000,0.217099,0.226423,9.77288,0.00685458,-0.00654894,0.202881,0.979158
9783704000,0.160729,0.21752,9.78936,0.00682147,-0.00652038,0.203401,0.97905
9793704000,0.216626,0.262372,9.78128,0.00679598,-0.00648561,0.203908,0.978945
9803704000,0.170584,0.162796,9.75971,0.00678294,-0.00645671,0.204416,0.978839
9813704000,0.206244,0.162935,9.76582,0.00675975,-0.00642662,0.204921,0.978734
9823704000,0.223182,0.222604,9.79934,0.0067419,-0.00639831,0.205431,0.978628
9833704000,0.127625,0.155282,9.81076,0.00673086,-0.00637186,0.205936,0.978522
9843704000,0.202644,0.199184,9.74744,0.00670399,-0.00632507,0.206441,0.978416
9853704000,0.181111,0.224951,9.76985,0.00668048,-0.00628803,0.206938,0.978311
9863704000,0.158515,0.162919,9.71986,0.00666247,-0.00625855,0.207447,0.978204
9873704000,0.248767,0.186466,9.75197,0.00663592,-0.00622521,0.207936,0.9781
9883704000,0.162425,0.210548,9.77187,0.00663155,-0.00619871,0.208432,0.977995
9893704000,0.169365,0.203134,9.79856,0.00662337,-0.00618044,0.20893,0.977889
9903704000,0.19997,0.180291,9.7292,0.00662025,-0.00616156,0.209414,0.977785
9913704000,0.106574,0.108398,9.71716,0.00660717,-0.0061511,0.2099,0.977681
9923704000,0.164194,0.175896,9.7713,0.00658218,-0.00613365,0.210383,0.977578
9933704000,0.194735,0.161587,9.73621,0.0065685,-0.00613146,0.210848,0.977478
9943704000,0.166223,0.0966465,9.74236,0.00655264,-0.00613029,0.211322,0.977375
9953704000,0.224956,0.10868,9.76851,0.00654522,-0.00612825,0.211788,0.977275
9963704000,0.207807,0.144745,9.76741,0.00655136,-0.00614165,0.212247,0.977175
9973704000,0.140649,0.0898334,9.72834,0.00654242,-0.00614156,0.212713,0.977074
9983704000,0.296638,0.124404,9.7147,0.0065311,-0.00615566,0.21316,0.976976
9993704000,0.169389,0.200197,9.79738,0.00652583,-0.00616312,0.213615,0.976877
10003704000,0.106576,0.126697,9.83532,0.00649907,-0.00619422,0.214072,0.976777
10013704000,0.212768,0.133173,9.71167,0.00649266,-0.00623256,0.214519,0.976678
10023704000,0.169759,0.0664309,9.69271,0.00648813,-0.00627056,0.214963,0.976581
10033704000,0.230061,0.110507,9.7449,0.00647692,-0.00630513,0.215414,0.976481
10043704000,0.243486,0.102961,9.71283,0.00648384,-0.00635596,0.215848,0.976385
10053704000,0.142633,0.0612623,9.69257,0.00648251,-0.00641756,0.216287,0.976287
10063704000,0.260816,0.135616,9.72259,0.00647721,-0.00645571,0.216723,0.97619
10073704000,0.203146,0.0503554,9.70385,0.00647693,-0.00651767,0.217156,0.976094
10083704000,0.153715,-0.00928507,9.66093,0.00646906,-0.00658413,0.217605,0.975993
10093704000,0.306894,0.117369,9.78154,0.00645996,-0.00665104,0.218039,0.975896
10103704000,0.161821,0.0914932,9.7577,0.00647183,-0.00673828,0.218484,0.975796
10113704000,0.19177,0.0457818,9.77768,0.00646584,-0.00682319,0.21893,0.975695
10123704000,0.261726,0.108343,9.76042,0.00647051,-0.00689676,0.219365,0.975597
10133704000,0.17303,0.100384,9.76693,0.0064585,-0.00698412,0.219809,0.975497
10143704000,0.258722,0.0281715,9.70808,0.00645741,-0.00707623,0.220261,0.975394
10153704000,0.246982,0.124605,9.81971,0.00645554,-0.00717416,0.220693,0.975296
10163704000,0.161646,0.0768183,9.82167,0.00645862,-0.0072768,0.221141,0.975193
10173704000,0.283398,0.086764,9.80173,0.00644952,-0.00737201,0.221586,0.975092
10183704000,0.25728,0.0382566,9.76988,0.00645192,-0.00747205,0.222025,0.974991
10193704000,0.146366,0.0605894,9.78438,0.00645611,-0.00758983,0.222477,0.974887
10203704000,0.329403,0.105097,9.79618,0.0064621,-0.00769235,0.222918,0.974786
10213704000,0.150817,0.062146,9.79571,0.00646834,-0.00781295,0.223357,0.974684
10223704000,0.208007,0.0544613,9.76295,0.00648277,-0.00791676,0.223821,0.974577
10233704000,0.288228,0.0958761,9.82002,0.0065036,-0.00801769,0.224264,0.974474
10243704000,0.13319,0.131814,9.82606,0.00652749,-0.00813372,0.224725,0.974366
10253704000,0.242565,0.10685,9.83816,0.00655511,-0.00822286,0.225182,0.97426
10263704000,0.303881,0.16718,9.8208,0.0065731,-0.00833159,0.225637,0.974154
10273704000,0.125581,0.0499363,9.81359,0.00660716,-0.00845009,0.226104,0.974044
10283704000,0.301641,0.115189,9.80072,0.00664677,-0.00856427,0.226568,0.973935
10293704000,0.184183,0.141783,9.84954,0.00668028,-0.00866995,0.227027,0.973827
10303704000,0.17575,0.101248,9.81774,0.00671452,-0.00877648,0.227504,0.973714
10313704000,0.32872,0.140772,9.83856,0.00674831,-0.00887834,0.22798,0.973602
10323704000,0.129334,0.0534583,9.8112,0.00679292,-0.00900218,0.228454,0.97349
10333704000,0.206591,0.104937,9.85333,0.00682907,-0.00909787,0.228932,0.973376
10343704000,0.301544,0.139032,9.8976,0.00687829,-0.00919176,0.229404,0.973264
10353704000,0.0770615,0.124379,9.8752,0.00693105,-0.00929261,0.229879,0.97315
10363704000,0.267622,0.149761,9.8943,0.00699475,-0.00938863,0.230358,0.973036
10373704000,0.233023,0.224779,9.96664,0.00706014,-0.00947352,0.23083,0.972923
10383704000,0.0593659,0.15791,9.93807,0.00712184,-0.00955725,0.231306,0.972808
10393704000,0.271647,0.182817,9.91675,0.00717869,-0.00962097,0.231799,0.97269
10403704000,0.166924,0.19181,9.94326,0.00723887,-0.00969189,0.232286,0.972572
10413704000,0.165062,0.168102,9.89241,0.00731013,-0.00975136,0.232783,0.972452
10423704000,0.286188,0.17731,9.91875,0.00736687,-0.00980036,0.233281,0.972332
10433704000,0.164938,0.162488,9.89396,0.00744388,-0.00985763,0.233782,0.972211
10443704000,0.219861,0.150067,9.8982,0.00750153,-0.00991524,0.234284,0.972089
10453704000,0.266955,0.182511,9.89877,0.00756271,-0.00997619,0.234777,0.971969
10463704000,0.121382,0.152984,9.90881,0.00761809,-0.0100276,0.235274,0.971847
10473704000,0.282316,0.276896,9.91696,0.00767389,-0.0100748,0.235772,0.971726
10483704000,0.247308,0.163227,9.89293,0.00775946,-0.0101064,0.236268,0.971605
10493704000,0.135311,0.0821419,9.84959,0.00782648,-0.0101431,0.236771,0.971481
10503704000,0.333615,0.177558,9.88716,0.00789014,-0.0101676,0.237278,0.971357
10513704000,0.213112,0.179757,9.92264,0.00797451,-0.0101845,0.237777,0.971234
10523704000,0.197445,0.130481,9.84113,0.00804006,-0.0102054,0.238279,0.97111
10533704000,0.369036,0.181469,9.88771,0.00811777,-0.0102176,0.238772,0.970988
10543704000,0.205257,0.177594,9.87887,0.00817522,-0.0102174,0.239272,0.970864
10553704000,0.281568,0.117181,9.80811,0.0082471,-0.0102233,0.239778,0.970739
10563704000,0.327662,0.148205,9.82789,0.0083247,-0.0102115,0.240278,0.970615
10573704000,0.201676,0.165953,9.84578,0.00840127,-0.010204,0.240775,0.970491
10583704000,0.319108,0.190295,9.77432,0.00845844,-0.0101907,0.241276,0.970366
10593704000,0.290186,0.100662,9.7954,0.00854534,-0.0101667,0.241775,0.970242
10603704000,0.210233,0.160373,9.81643,0.00862307,-0.0101557,0.242271,0.970117
10613704000,0.382153,0.196238,9.77061,0.00868585,-0.0101267,0.242767,0.969993
10623704000,0.262842,0.162103,9.80344,0.00878162,-0.0100954,0.243261,0.969869
10633704000,0.261266,0.135698,9.75547,0.00886803,-0.0100507,0.243749,0.969746
10643704000,0.406467,0.177844,9.76606,0.00893931,-0.00999563,0.244235,0.969623
10653704000,0.218952,0.103929,9.72001,0.00904009,-0.00994324,0.244717,0.969501
10663704000,0.310097,0.139506,9.74531,0.00912276,-0.00988399,0.245205,0.969378
10673704000,0.403253,0.175073,9.76224,0.00921743,-0.00982418,0.245692,0.969254
10683704000,0.220319,0.111044,9.74019,0.00930596,-0.00976115,0.246167,0.969134
10693704000,0.350421,0.157911,9.77454,0.0093936,-0.00968558,0.246642,0.969013
10703704000,0.315735,0.20139,9.78922,0.009492,-0.00962243,0.247134,0.968887
10713704000,0.238426,0.176078,9.75795,0.00959542,-0.00954304,0.247607,0.968766
10723704000,0.329158,0.158442,9.737,0.0097088,-0.00944863,0.248081,0.968645
10733704000,0.245206,0.241265,9.72735,0.009813,-0.0093573,0.248557,0.968522
10743704000,0.223498,0.226445,9.784,0.00992697,-0.00926679,0.249026,0.968402
10753704000,0.336231,0.174528,9.72295,0.0100416,-0.00916079,0.249493,0.968281
10763704000,0.223432,0.144552,9.63139,0.010174,-0.0090484,0.249956,0.968162
10773704000,0.260835,0.155054,9.70042,0.0102964,-0.00892215,0.250413,0.968043
10783704000,0.268085,0.189923,9.72223,0.0104287,-0.00880399,0.25087,0.967924
10793704000,0.208812,0.138638,9.66663,0.0105634,-0.00869661,0.251324,0.967806
10803704000,0.266584,0.2183,9.74568,0.0106938,-0.00857685,0.251773,0.967689
10813704000,0.247607,0.227753,9.73348,0.0108376,-0.00845355,0.252221,0.967572
10823704000,0.174958,0.154516,9.68149,0.0109805,-0.00833374,0.252673,0.967454
10833704000,0.298652,0.228692,9.6889,0.0111077,-0.008194,0.253118,0.967337
10843704000,0.214071,0.183689,9.7126,0.0112509,-0.00807135,0.253558,0.967221
10853704000,0.185326,0.237967,9.70167,0.0113922,-0.00793049,0.25399,0.967107
10863704000,0.260893,0.185043,9.69283,0.0115338,-0.00780238,0.254429,0.966991
10873704000,0.199641,0.234847,9.69211,0.0116636,-0.00767574,0.254875,0.966873
10883704000,0.246012,0.211989,9.76588,0.0117931,-0.00753766,0.255306,0.966759
10893704000,0.243735,0.208253,9.70621,0.0119224,-0.00740995,0.255739,0.966644
10903704000,0.155591,0.18876,9.71879,0.0120419,-0.00728684,0.256172,0.966529
10913704000,0.214678,0.25797,9.76342,0.0121624,-0.00715859,0.256601,0.966414
10923704000,0.20918,0.21654,9.72728,0.0122805,-0.0070237,0.257035,0.966299
10933704000,0.116926,0.235074,9.69259,0.0123994,-0.00688573,0.257472,0.966182
10943704000,0.193179,0.233534,9.69454,0.0125123,-0.00674672,0.257902,0.966067
10953704000,0.157594,0.265698,9.713,0.0126242,-0.0066158,0.258348,0.965947
10963704000,0.100236,0.210263,9.71989,0.01273,-0.0064882,0.258784,0.96583
10973704000,0.176597,0.283059,9.75367,0.0128392,-0.00635545,0.259219,0.965712
10983704000,0.119081,0.304202,9.81661,0.0129434,-0.00623698,0.25966,0.965593
10993704000,0.144903,0.188138,9.66262,0.0130414,-0.00612431,0.260097,0.965475
11003704000,0.187466,0.260004,9.75634,0.013128,-0.00599867,0.260546,0.965354
11013704000,0.0923433,0.252627,9.78676,0.0132192,-0.00587395,0.260987,0.965234
11023704000,0.182109,0.240526,9.78965,0.0133085,-0.00574731,0.26142,0.965116
11033704000,0.136902,0.157466,9.78877,0.013398,-0.00563474,0.261867,0.964995
11043704000,0.132423,0.239157,9.80808,0.013498,-0.00552016,0.262316,0.964872
11053704000,0.209094,0.24052,9.80754,0.0135787,-0.00540596,0.262759,0.964751
11063704000,0.136657,0.227485,9.76776,0.0136787,-0.00531266,0.263205,0.964628
11073704000,0.129747,0.251001,9.77622,0.0137791,-0.00520762,0.263653,0.964505
11083704000,0.223574,0.276647,9.76784,0.0138678,-0.00510086,0.264107,0.96438
11093704000,0.0739758,0.181061,9.73956,0.013956,-0.00500141,0.26456,0.964255
11103704000,0.153709,0.265274,9.77975,0.0140558,-0.00491015,0.265004,0.964133
11113704000,0.161844,0.300622,9.76156,0.0141491,-0.0048151,0.265453,0.964008
11123704000,0.0831239,0.254954,9.79732,0.0142382,-0.00473366,0.265915,0.96388
11133704000,0.169352,0.172817,9.75341,0.0143391,-0.00465323,0.266369,0.963753
11143704000,0.15354,0.257593,9.74349,0.0144299,-0.00456716,0.26684,0.963622
11153704000,0.145869,0.225866,9.74349,0.0145258,-0.00447558,0.267301,0.963493
11163704000,0.183508,0.18923,9.76121,0.0146147,-0.00440221,0.267761,0.963364
11173704000,0.163182,0.214884,9.76814,0.0147031,-0.00432795,0.268228,0.963234
11183704000,0.172297,0.263371,9.81914,0.0147963,-0.00424848,0.268682,0.963106
11193704000,0.24743,0.268297,9.78031,0.0148996,-0.00418293,0.269139,0.962977
11203704000,0.163322,0.174891,9.72657,0.0149993,-0.00412483,0.269608,0.962845
11213704000,0.206845,0.273165,9.77964,0.0150957,-0.00404201,0.270075,0.962712
11223704000,0.232209,0.272765,9.76652,0.0151856,-0.00398285,0.270541,0.96258
11233704000,0.145521,0.211793,9.77458,0.015273,-0.00392063,0.271022,0.962444
11243704000,0.198867,0.213044,9.75487,0.0153718,-0.00385118,0.271486,0.962312
11253704000,0.188872,0.198234,9.77604,0.0154541,-0.00378923,0.271955,0.962178
11263704000,0.223828,0.193153,9.77855,0.0155303,-0.00371566,0.272428,0.962043
11273704000,0.27347,0.219174,9.79495,0.0156131,-0.00364398,0.27289,0.961912
11283704000,0.208997,0.253065,9.83655,0.0156816,-0.00357826,0.273365,0.961776
11293704000,0.239077,0.30512,9.85681,0.015747,-0.00351112,0.273825,0.961644
11303704000,0.239145,0.27831,9.79914,0.0158176,-0.00345169,0.274284,0.961513
11313704000,0.184359,0.202583,9.79542,0.0158826,-0.00340202,0.274757,0.961376
11323704000,0.240162,0.336645,9.85702,0.0159557,-0.00334305,0.275227,0.961241
11333704000,0.219833,0.321653,9.85748,0.016017,-0.00329467,0.275684,0.961109
11343704000,0.220573,0.233319,9.85754,0.0160679,-0.00325069,0.276146,0.960976
11353704000,0.259959,0.270968,9.80408,0.0161162,-0.0032097,0.276595,0.960846
11363704000,0.221678,0.253272,9.80677,0.0161593,-0.00316163,0.27705,0.960715
11373704000,0.204445,0.290027,9.77163,0.0161967,-0.00311865,0.277509,0.960581
11383704000,0.219809,0.254631,9.79988,0.0162452,-0.00307595,0.277957,0.960451
11393704000,0.20964,0.331672,9.79664,0.0162639,-0.00304599,0.278411,0.96032
11403704000,0.246945,0.277455,9.80807,0.016283,-0.00301415,0.278857,0.96019
11413704000,0.186168,0.271604,9.79597,0.0163205,-0.002988,0.279294,0.960062
11423704000,0.211417,0.316837,9.82067,0.0163353,-0.0029623,0.279735,0.959934
11433704000,0.237815,0.35591,9.8407,0.0163585,-0.00293568,0.280174,0.959805
11443704000,0.202828,0.326605,9.77967,0.0163714,-0.0028989,0.280607,0.959679
11453704000,0.242122,0.300736,9.81331,0.0163871,-0.00287874,0.281041,0.959552
11463704000,0.248806,0.36841,9.80318,0.016402,-0.00284639,0.281484,0.959422
11473704000,0.185748,0.296472,9.81815,0.0164218,-0.00282793,0.281926,0.959291
11483704000,0.221928,0.335396,9.84612,0.0164251,-0.00282715,0.282365,0.959162
11493704000,0.228507,0.375874,9.8028,0.016425,-0.00280927,0.282804,0.959033
11503704000,0.149685,0.322519,9.80492,0.0164308,-0.00279186,0.283245,0.958903
11513704000,0.213102,0.334342,9.84826,0.016438,-0.00276482,0.283683,0.958773
11523704000,0.158742,0.383991,9.84912,0.0164424,-0.00276141,0.28412,0.958644
11533704000,0.172092,0.370764,9.85143,0.0164635,-0.00276622,0.284565,0.958512
11543704000,0.196083,0.397037,9.86259,0.0164768,-0.00276542,0.285004,0.958381
11553704000,0.0892088,0.335786,9.83098,0.0164994,-0.00277445,0.285447,0.958248
11563704000,0.165574,0.390969,9.85481,0.0165032,-0.00277997,0.285897,0.958114
11573704000,0.114725,0.456978,9.88379,0.0165227,-0.00280137,0.286339,0.957982
11583704000,0.155499,0.331974,9.79097,0.0165397,-0.00280379,0.28678,0.95785
11593704000,0.265674,0.377794,9.75845,0.0165516,-0.00280645,0.287229,0.957715
11603704000,0.152131,0.401022,9.80615,0.0165775,-0.00281867,0.287681,0.957579
11613704000,0.101056,0.382604,9.81047,0.0165908,-0.00283334,0.28814,0.95744
11623704000,0.202857,0.405482,9.7897,0.0166232,-0.00285802,0.288591,0.957304
11633704000,0.123645,0.420251,9.84971,0.0166513,-0.00288817,0.289047,0.957166
11643704000,0.17825,0.42567,9.78911,0.0166849,-0.00292035,0.289514,0.957024
11653704000,0.226495,0.329794,9.78972,0.0167146,-0.00294923,0.289978,0.956883
11663704000,0.101361,0.38246,9.80417,0.0167575,-0.00298051,0.290452,0.956738
11673704000,0.210372,0.348351,9.78892,0.0167891,-0.00301027,0.290924,0.956594
11683704000,0.172243,0.387298,9.78221,0.016828,-0.00305391,0.291393,0.956451
11693704000,0.10453,0.353661,9.76877,0.0168687,-0.00307944,0.291879,0.956302
11703704000,0.258669,0.448089,9.85995,0.0169097,-0.00310771,0.292356,0.956155
11713704000,0.164099,0.396122,9.83488,0.0169527,-0.00314002,0.292847,0.956004
11723704000,0.143062,0.24871,9.80825,0.017002,-0.00318139,0.293346,0.95585
11733704000,0.225431,0.420461,9.8256,0.017047,-0.00320098,0.293839,0.955698
11743704000,0.125851,0.427702,9.7865,0.0170944,-0.00323681,0.294333,0.955545
11753704000,0.152835,0.385575,9.81822,0.0171431,-0.00327216,0.294832,0.95539
11763704000,0.215184,0.389949,9.80589,0.0171893,-0.00330229,0.295327,0.955236
11773704000,0.139835,0.378137,9.80474,0.0172338,-0.00334697,0.295833,0.955078
11783704000,0.213347,0.385618,9.77427,0.0172507,-0.00338165,0.296342,0.95492
11793704000,0.168466,0.345416,9.75303,0.0172959,-0.00341302,0.296849,0.954762
11803704000,0.164163,0.325269,9.7393,0.0173319,-0.00344625,0.297372,0.954598
11813704000,0.245298,0.362637,9.77604,0.0173606,-0.00348148,0.297891,0.954436
11823704000,0.155771,0.343917,9.7572,0.0173919,-0.00352103,0.298412,0.954272
11833704000,0.166765,0.327837,9.78998,0.0174332,-0.00356652,0.298934,0.954108
11843704000,0.273096,0.386158,9.7674,0.0174826,-0.00359538,0.299447,0.953946
11853704000,0.150718,0.275165,9.71555,0.0175233,-0.00362862,0.299965,0.953782
11863704000,0.219939,0.314521,9.74552,0.0175474,-0.00367095,0.300493,0.953616
11873704000,0.273943,0.331974,9.78965,0.0175709,-0.00370744,0.301016,0.95345
11883704000,0.150113,0.3528,9.79583,0.0175897,-0.00375208,0.301546,0.953282
11893704000,0.259185,0.301448,9.76657,0.0176175,-0.00378877,0.302063,0.953118
11903704000,0.250665,0.32009,9.77565,0.0176405,-0.00384802,0.302581,0.952953
11913704000,0.168964,0.344467,9.7476,0.017648,-0.00389358,0.303115,0.952783
11923704000,0.243855,0.325466,9.74581,0.0176535,-0.00394226,0.303633,0.952617
11933704000,0.192172,0.352704,9.76705,0.0176695,-0.00398952,0.30416,0.952449
11943704000,0.194636,0.325103,9.75215,0.0176804,-0.0040355,0.304687,0.95228
11953704000,0.285628,0.317668,9.73424,0.0176863,-0.00407716,0.305204,0.952114
11963704000,0.144339,0.323217,9.70161,0.0177054,-0.0041305,0.305735,0.951943
11973704000,0.225559,0.322589,9.74865,0.0177063,-0.00417137,0.306267,0.951772
11983704000,0.233707,0.36906,9.80437,0.0177226,-0.0041977,0.306784,0.951605
11993704000,0.148246,0.264038,9.74088,0.0177338,-0.00424488,0.307315,0.951433
12003704000,0.241548,0.378134,9.80541,0.0177501,-0.00426239,0.307833,0.951265
12013704000,0.191016,0.406022,9.84442,0.0177593,-0.00429943,0.308346,0.951099
12023704000,0.126933,0.35326,9.8269,0.0177676,-0.00432572,0.308864,0.950931
12033704000,0.262184,0.384726,9.79425,0.0177862,-0.00435609,0.309377,0.950763
12043704000,0.142663,0.329325,9.80606,0.0178063,-0.00439286,0.309888,0.950596
12053704000,0.19441,0.331096,9.78611,0.0178155,-0.00441593,0.31041,0.950426
12063704000,0.242655,0.302551,9.73639,0.01784,-0.00444021,0.310912,0.950261
12073704000,0.158762,0.302089,9.75737,0.0178643,-0.00445593,0.311418,0.950095
12083704000,0.221846,0.362189,9.77957,0.0178715,-0.00446882,0.311935,0.949925
12093704000,0.194415,0.369468,9.77855,0.0178985,-0.0044698,0.312429,0.949762
12103704000,0.105603,0.316557,9.74531,0.0179205,-0.00448248,0.312939,0.949594
12113704000,0.23476,0.451302,9.84716,0.0179397,-0.00448203,0.313448,0.949425
12123704000,0.169135,0.399159,9.79494,0.0179786,-0.00448764,0.313943,0.949261
12133704000,0.135938,0.336921,9.75969,0.0180027,-0.00447965,0.31446,0.94909
12143704000,0.261677,0.372544,9.82501,0.0180347,-0.00446053,0.314954,0.948925
12153704000,0.139459,0.392501,9.80985,0.0180903,-0.00444773,0.315446,0.948761
12163704000,0.208568,0.355987,9.76167,0.0181226,-0.0044256,0.31595,0.948592
12173704000,0.25993,0.298146,9.75272,0.0181636,-0.00439297,0.316441,0.948428
12183704000,0.179675,0.401722,9.81881,0.0181991,-0.00438113,0.316935,0.948263
12193704000,0.248031,0.362972,9.76519,0.0182373,-0.00434846,0.31743,0.948097
12203704000,0.214104,0.346717,9.79032,0.0182924,-0.00431396,0.317914,0.947933
12213704000,0.171271,0.366442,9.8011,0.0183343,-0.00427548,0.318416,0.947764
12223704000,0.260649,0.418822,9.80892,0.0183829,-0.00421931,0.318913,0.947596
12233704000,0.196279,0.363289,9.82653,0.0184466,-0.00417143,0.319389,0.947435
12243704000,0.196228,0.386421,9.86308,0.0184969,-0.00412011,0.319874,0.947271
12253704000,0.246712,0.448267,9.86857,0.0185454,-0.0040486,0.320354,0.947108
12263704000,0.166868,0.383867,9.81622,0.0185892,-0.00398679,0.32083,0.946946
12273704000,0.219617,0.335203,9.77728,0.0186379,-0.00390994,0.321316,0.94678
12283704000,0.260675,0.407641,9.83338,0.0186952,-0.00383432,0.321804,0.946614
12293704000,0.145395,0.371707,9.81771,0.0187488,-0.00376597,0.322291,0.946448
12303704000,0.24523,0.374971,9.83147,0.0188024,-0.00367615,0.322781,0.94628
12313704000,0.279755,0.362141,9.80058,0.0188568,-0.00360534,0.323262,0.946115
12323704000,0.17099,0.31208,9.80401,0.0189033,-0.00353419,0.323749,0.945948
12333704000,0.257834,0.39112,9.82221,0.0189673,-0.00344966,0.324235,0.94578
12343704000,0.208915,0.399378,9.85548,0.0190272,-0.00337852,0.324716,0.945614
12353704000,0.219913,0.412113,9.87751,0.0190721,-0.00330149,0.325205,0.945445
12363704000,0.259728,0.37796,9.83066,0.0191309,-0.00321071,0.325692,0.945277
12373704000,0.182691,0.308102,9.84227,0.0191901,-0.0031345,0.326171,0.945111
12383704000,0.281537,0.387801,9.8272,0.0192431,-0.0030629,0.326673,0.944937
12393704000,0.276397,0.31476,9.81524,0.0193066,-0.00297988,0.327157,0.944768
12403704000,0.197288,0.286025,9.78164,0.0193754,-0.00290166,0.327646,0.944598
12413704000,0.315738,0.376225,9.80517,0.0194244,-0.00282973,0.328131,0.944428
12423704000,0.240132,0.341528,9.78438,0.0194892,-0.00275534,0.328611,0.94426
12433704000,0.201979,0.29947,9.77096,0.0195516,-0.00268865,0.329096,0.94409
12443704000,0.312826,0.329235,9.74426,0.019623,-0.0026121,0.329581,0.94392
12453704000,0.214857,0.363534,9.80817,0.0196759,-0.00254497,0.330059,0.943752
12463704000,0.249836,0.306134,9.799,0.0197414,-0.00247788,0.330549,0.943579
12473704000,0.294102,0.349168,9.78236,0.0198041,-0.00241443,0.331029,0.94341
12483704000,0.210192,0.263691,9.75661,0.0198653,-0.00235117,0.331506,0.943241
12493704000,0.273435,0.34528,9.81197,0.0199233,-0.00229823,0.331992,0.943069
12503704000,0.286027,0.280422,9.76745,0.0200015,-0.00225552,0.332467,0.9429
12513704000,0.163578,0.303457,9.7608,0.0200834,-0.00220582,0.332942,0.942731
12523704000,0.330138,0.354862,9.80929,0.0201513,-0.00216927,0.333413,0.942563
12533704000,0.226601,0.313679,9.78781,0.0202259,-0.00213853,0.333885,0.942394
12543704000,0.235019,0.200483,9.75091,0.020301,-0.00210299,0.33437,0.942221
12553704000,0.320828,0.321533,9.78631,0.020358,-0.00206179,0.334844,0.942052
12563704000,0.200614,0.314237,9.83728,0.0204336,-0.0020366,0.335311,0.941884
12573704000,0.252949,0.314338,9.79721,0.0205028,-0.00201242,0.335779,0.941715
12583704000,0.27673,0.302213,9.76776,0.0205838,-0.00199881,0.336243,0.941548
12593704000,0.209954,0.338715,9.76892,0.0206688,-0.00199251,0.336701,0.941383
12603704000,0.277508,0.401781,9.77583,0.0207273,-0.00197713,0.337174,0.941212
12613704000,0.21258,0.317819,9.77856,0.0208016,-0.00197439,0.337643,0.941042
12623704000,0.207658,0.343054,9.80371,0.0208706,-0.001985,0.338118,0.94087
12633704000,0.28094,0.378101,9.79141,0.0209281,-0.0020012,0.338595,0.940697
12643704000,0.189618,0.326233,9.7393,0.0209821,-0.00201119,0.339065,0.940527
12653704000,0.188709,0.321613,9.75865,0.0210423,-0.00204097,0.339532,0.940357
12663704000,0.315662,0.387099,9.80054,0.0210881,-0.00205316,0.340004,0.940185
12673704000,0.183566,0.375126,9.76933,0.0211478,-0.00206859,0.340467,0.940016
12683704000,0.247298,0.298076,9.73787,0.0212057,-0.00208359,0.340945,0.939842
12693704000,0.263694,0.36325,9.78311,0.0212477,-0.00210669,0.341422,0.939667
12703704000,0.157273,0.409627,9.82577,0.0212943,-0.00212842,0.341904,0.939491
12713704000,0.267301,0.405373,9.80314,0.0213363,-0.0021643,0.342388,0.939314
12723704000,0.232786,0.409455,9.75136,0.0213857,-0.00220936,0.342874,0.939135
12733704000,0.165746,0.381317,9.79893,0.0214154,-0.00224817,0.343354,0.938959
12743704000,0.230225,0.434227,9.72762,0.0214505,-0.0022866,0.343838,0.938781
12753704000,0.148382,0.353468,9.71691,0.0214899,-0.00233422,0.344326,0.938601
12763704000,0.199802,0.44341,9.75368,0.0215046,-0.00238069,0.344815,0.938421
12773704000,0.297581,0.471345,9.76817,0.0215179,-0.00243111,0.345304,0.938241
12783704000,0.114271,0.407314,9.7235,0.0215302,-0.00248123,0.345807,0.938055
12793704000,0.196809,0.421825,9.72707,0.0215333,-0.0025189,0.346315,0.937868
12803704000,0.242573,0.463789,9.72996,0.0215303,-0.00257338,0.346824,0.93768
12813704000,0.108598,0.401281,9.7194,0.0215456,-0.00260534,0.347329,0.937492
12823704000,0.255562,0.489114,9.76167,0.021541,-0.00264624,0.347838,0.937304
12833704000,0.185746,0.494436,9.82764,0.0215523,-0.00269249,0.348354,0.937111
12843704000,0.117839,0.473149,9.79553,0.0215546,-0.00272587,0.348866,0.936921
12853704000,0.254942,0.469448,9.79734,0.0215427,-0.00274758,0.349392,0.936725
12863704000,0.149012,0.448535,9.79238,0.0215432,-0.00278362,0.349913,0.93653
12873704000,0.17442,0.514297,9.78342,0.0215276,-0.00280654,0.350447,0.936331
12883704000,0.254629,0.490557,9.76116,0.0215182,-0.00284339,0.350978,0.936132
12893704000,0.0856656,0.491392,9.78818,0.0215107,-0.00286833,0.351513,0.935931
12903704000,0.240869,0.470695,9.79322,0.0214909,-0.00286862,0.352045,0.935732
12913704000,0.215272,0.49532,9.77846,0.0214587,-0.00287986,0.352592,0.935527
12923704000,0.0746413,0.491912,9.82468,0.0214473,-0.00287986,0.353133,0.935323
12933704000,0.236915,0.584768,9.85671,0.0214271,-0.0028781,0.353667,0.935122
12943704000,0.172324,0.593798,9.8466,0.0214141,-0.00287211,0.354213,0.934915
12953704000,0.109321,0.442016,9.78349,0.0214049,-0.00287168,0.354758,0.934709
12963704000,0.273837,0.467474,9.74267,0.0213847,-0.00285556,0.355301,0.934503
12973704000,0.187724,0.489308,9.79231,0.0213612,-0.00283337,0.355856,0.934292
12983704000,0.18837,0.430569,9.7592,0.0213443,-0.00279616,0.356396,0.934087
12993704000,0.310206,0.475599,9.74264,0.0213006,-0.0027651,0.35694,0.93388
13003704000,0.188493,0.430329,9.77817,0.0212683,-0.00273658,0.35749,0.933671
13013704000,0.264785,0.452772,9.786,0.02124,-0.0026955,0.358035,0.933463
13023704000,0.295311,0.487509,9.78068,0.0212078,-0.0026542,0.358582,0.933254
13033704000,0.129807,0.457954,9.78039,0.0211844,-0.00261804,0.359131,0.933043
13043704000,0.330162,0.566511,9.8045,0.0211564,-0.00255679,0.359674,0.932835
13053704000,0.216996,0.443606,9.75777,0.0211309,-0.00250313,0.36022,0.932625
13063704000,0.165673,0.408652,9.75488,0.0211025,-0.00245192,0.360756,0.932418
13073704000,0.307437,0.483101,9.75305,0.0210721,-0.00240332,0.361278,0.932217
13083704000,0.210525,0.441494,9.77846,0.0210398,-0.00233106,0.361815,0.93201
13093704000,0.223155,0.39726,9.73652,0.021022,-0.00226093,0.362346,0.931804
13103704000,0.334582,0.425045,9.70968,0.0210014,-0.00219475,0.362875,0.931598
13113704000,0.19403,0.464272,9.79179,0.0209664,-0.00211516,0.363409,0.931392
13123704000,0.249174,0.390861,9.7345,0.020948,-0.00203294,0.363936,0.931186
13133704000,0.328984,0.414286,9.75185,0.0209285,-0.00196842,0.364452,0.930985
13143704000,0.181629,0.466694,9.81491,0.0209089,-0.00190723,0.364977,0.93078
13153704000,0.304096,0.439904,9.76655,0.020893,-0.00182001,0.365484,0.930581
13163704000,0.271102,0.442331,9.78731,0.0208902,-0.00173847,0.365988,0.930383
13173704000,0.197414,0.395795,9.80926,0.0208834,-0.00164989,0.366495,0.930184
13183704000,0.343673,0.473163,9.80231,0.0208642,-0.00155914,0.366989,0.92999
13193704000,0.220526,0.453968,9.77686,0.0208507,-0.00148399,0.367487,0.929794
13203704000,0.223867,0.387065,9.76618,0.0208449,-0.00140701,0.367989,0.929595
13213704000,0.332558,0.432504,9.8054,0.0208386,-0.00132058,0.368483,0.9294
13223704000,0.216067,0.307657,9.74618,0.0208367,-0.00125348,0.368985,0.929201
13233704000,0.286573,0.381381,9.75047,0.0208435,-0.00117885,0.369475,0.929006
13243704000,0.292732,0.403586,9.7934,0.0208431,-0.00111622,0.369968,0.92881
13253704000,0.23724,0.416295,9.81775,0.0208444,-0.00106438,0.37046,0.928614
13263704000,0.248459,0.3621,9.74656,0.0208568,-0.000999734,0.370942,0.928421
13273704000,0.28008,0.376333,9.75998,0.0208669,-0.00093716,0.371423,0.928229
13283704000,0.239193,0.417095,9.80652,0.020871,-0.000871832,0.371912,0.928033
13293704000,0.267207,0.417004,9.78631,0.020872,-0.00080933,0.3724,0.927837
13303704000,0.231217,0.389832,9.83017,0.020879,-0.000758918,0.372883,0.927643
13313704000,0.215027,0.41547,9.86889,0.0208852,-0.000701108,0.373357,0.927452
13323704000,0.29288,0.381478,9.79675,0.0208712,-0.000643404,0.373828,0.927263
13333704000,0.176506,0.32262,9.79028,0.0208717,-0.000618563,0.374303,0.927072
13343704000,0.18824,0.494639,9.85574,0.0208836,-0.000577202,0.374784,0.926877
13353704000,0.258344,0.421792,9.82132,0.0208912,-0.000542404,0.37527,0.92668
13363704000,0.145695,0.415048,9.7997,0.0208929,-0.000515592,0.375763,0.92648
13373704000,0.198642,0.373668,9.77153,0.0209181,-0.000488584,0.376244,0.926284
13383704000,0.182277,0.423264,9.8169,0.020938,-0.000468754,0.376733,0.926085
13393704000,0.16063,0.395476,9.82003,0.020949,-0.000456556,0.37723,0.925883
13403704000,0.198885,0.424359,9.79399,0.0209596,-0.000457332,0.377713,0.925686
13413704000,0.167433,0.438284,9.8469,0.0209707,-0.000468726,0.378194,0.925489
13423704000,0.150164,0.48192,9.84416,0.0209802,-0.000470782,0.378679,0.92529
13433704000,0.147146,0.39572,9.79024,0.020999,-0.000477639,0.379169,0.925089
13443704000,0.14975,0.375351,9.81148,0.0210086,-0.000506926,0.379656,0.924889
13453704000,0.150337,0.416444,9.80406,0.0210195,-0.000545043,0.38014,0.92469
13463704000,0.152338,0.406824,9.81565,0.0210306,-0.000597645,0.380631,0.924488
13473704000,0.100613,0.392705,9.8202,0.0210469,-0.000652938,0.381125,0.924284
13483704000,0.11243,0.42094,9.82194,0.0210671,-0.000705254,0.381624,0.924077
13493704000,0.157639,0.421537,9.81849,0.0210753,-0.000765338,0.382114,0.923875
13503704000,0.106123,0.424926,9.7646,0.0210824,-0.000831474,0.382602,0.923672
13513704000,0.0979318,0.428143,9.79981,0.0210937,-0.000898171,0.383097,0.923467
13523704000,0.0858601,0.441138,9.85561,0.0210897,-0.000982591,0.383594,0.923261
13533704000,0.124146,0.493353,9.86233,0.021101,-0.00105354,0.384084,0.923056
13543704000,0.0670378,0.363069,9.78857,0.0211167,-0.00113593,0.384586,0.922847
13553704000,0.102931,0.432561,9.83418,0.0211143,-0.00122107,0.385094,0.922635
13563704000,0.151278,0.46893,9.78878,0.0211078,-0.00130687,0.385587,0.922429
13573704000,0.0861533,0.347702,9.67813,0.0211072,-0.00140971,0.386085,0.922221
13583704000,0.160695,0.32746,9.71472,0.0210988,-0.0015092,0.38658,0.922013
13593704000,0.11491,0.467479,9.7735,0.0210809,-0.00163205,0.387096,0.921797
13603704000,0.154787,0.352956,9.74341,0.0210573,-0.00173323,0.387603,0.921584
13613704000,0.175341,0.418727,9.73809,0.0210313,-0.00183823,0.388113,0.92137
13623704000,0.101824,0.444853,9.7781,0.021014,-0.0019481,0.388629,0.921153
13633704000,0.189813,0.405129,9.75179,0.0209791,-0.00205155,0.389145,0.920935
13643704000,0.211123,0.425847,9.72939,0.0209549,-0.00216919,0.38965,0.920722
13653704000,0.136472,0.383604,9.75128,0.0209222,-0.00227571,0.390153,0.92051
13663704000,0.23835,0.390966,9.78987,0.0208861,-0.00239299,0.390651,0.920299
13673704000,0.189834,0.417256,9.74127,0.0208486,-0.0024999,0.391158,0.920084
13683704000,0.173566,0.349712,9.69933,0.0208115,-0.00260819,0.391674,0.919865
13693704000,0.219894,0.393077,9.73815,0.0207555,-0.00271168,0.392188,0.919647
13703704000,0.198413,0.419964,9.71266,0.0207171,-0.00281007,0.392696,0.919431
13713704000,0.209339,0.315472,9.69561,0.020661,-0.00289523,0.393221,0.919207
13723704000,0.25932,0.413874,9.72243,0.0206116,-0.00297848,0.393726,0.918992
13733704000,0.13276,0.440868,9.73724,0.0205665,-0.003065,0.394245,0.91877
13743704000,0.214001,0.359647,9.76349,0.0205228,-0.00314165,0.394757,0.918551
13753704000,0.224449,0.424012,9.77016,0.0204795,-0.00320751,0.395267,0.918332
13763704000,0.16483,0.417934,9.73054,0.0204359,-0.00327335,0.395781,0.918112
13773704000,0.252871,0.405913,9.81966,0.0203907,-0.00332756,0.396302,0.917888
13783704000,0.216184,0.412352,9.76707,0.020363,-0.00337161,0.396806,0.91767
13793704000,0.139607,0.36189,9.80251,0.0203389,-0.00341991,0.397327,0.917445
13803704000,0.341386,0.364046,9.82447,0.0203093,-0.00344844,0.397843,0.917222
13813704000,0.259426,0.382227,9.73275,0.0202964,-0.00346985,0.398356,0.917
13823704000,0.249727,0.27948,9.73742,0.0202757,-0.00348749,0.39887,0.916777
13833704000,0.32835,0.422417,9.77293,0.020241,-0.0035026,0.399376,0.916557
13843704000,0.238161,0.399913,9.809,0.0202251,-0.00350999,0.399892,0.916332
13853704000,0.235763,0.302054,9.7857,0.0202169,-0.00350397,0.400405,0.916109
13863704000,0.303122,0.374377,9.76179,0.0202063,-0.00348994,0.400911,0.915887
13873704000,0.192964,0.364914,9.77736,0.020199,-0.00347076,0.401424,0.915663
13883704000,0.251287,0.34203,9.76358,0.0201891,-0.00344818,0.401931,0.915441
13893704000,0.304388,0.361559,9.80172,0.0201896,-0.00342007,0.402424,0.915224
13903704000,0.155726,0.372753,9.80246,0.0201804,-0.00338837,0.402929,0.915003
13913704000,0.385649,0.420248,9.83944,0.0201771,-0.00335164,0.403421,0.914786
13923704000,0.215488,0.384419,9.77738,0.0201722,-0.0033116,0.403917,0.914567
13933704000,0.223496,0.282685,9.77143,0.0201625,-0.00325391,0.404411,0.914349
13943704000,0.352501,0.415023,9.78907,0.0201561,-0.00319636,0.404894,0.914136
13953704000,0.155613,0.342021,9.7661,0.0201621,-0.00314639,0.40538,0.913921
13963704000,0.237597,0.323343,9.79691,0.0201539,-0.00308907,0.405873,0.913702
13973704000,0.315274,0.403385,9.77721,0.0201549,-0.00302266,0.406354,0.913489
13983704000,0.1459,0.371981,9.79633,0.0201585,-0.00296609,0.40685,0.913268
13993704000,0.278991,0.302899,9.69432,0.0201479,-0.00289775,0.407328,0.913055
14003704000,0.21707,0.370632,9.81005,0.0201386,-0.00283692,0.407811,0.91284
14013704000,0.143123,0.428934,9.8481,0.0201201,-0.00277143,0.408307,0.912619
14023704000,0.314964,0.360327,9.82362,0.0200933,-0.00270031,0.408797,0.9124
14033704000,0.191999,0.302399,9.78234,0.0200841,-0.00262924,0.409282,0.912183
14043704000,0.193855,0.337205,9.79007,0.0200585,-0.00256074,0.409775,0.911963
14053704000,0.354268,0.346667,9.78275,0.0200265,-0.00249494,0.410265,0.911743
14063704000,0.170127,0.294566,9.75762,0.0200097,-0.00241995,0.410756,0.911522
14073704000,0.279941,0.347754,9.79826,0.0199631,-0.00235424,0.41125,0.911301
14083704000,0.293066,0.355664,9.79553,0.0199423,-0.0023001,0.41174,0.91108
14093704000,0.201499,0.285552,9.75519,0.0199146,-0.00224661,0.412231,0.910859
14103704000,0.281295,0.31465,9.78636,0.019879,-0.00219004,0.412733,0.910632
14113704000,0.232607,0.424037,9.78914,0.0198338,-0.002147,0.413226,0.91041
14123704000,0.205551,0.324079,9.81273,0.0197871,-0.00209404,0.413728,0.910183
14133704000,0.321965,0.365042,9.76872,0.0197354,-0.00205064,0.414232,0.909955
14143704000,0.186663,0.300178,9.74408,0.0196964,-0.00200316,0.414721,0.909733
14153704000,0.177376,0.367447,9.78268,0.019639,-0.00197275,0.41523,0.909502
14163704000,0.340259,0.321511,9.7283,0.0195936,-0.00193195,0.415731,0.909275
14173704000,0.16932,0.281359,9.72635,0.0195451,-0.00191159,0.416227,0.909049
14183704000,0.267212,0.29613,9.7284,0.0194791,-0.00187133,0.416743,0.908814
14193704000,0.322289,0.350135,9.71136,0.0194132,-0.00183237,0.417238,0.908588
14203704000,0.159038,0.259881,9.70346,0.0193659,-0.00181034,0.417749,0.908355
14213704000,0.319845,0.327318,9.73055,0.0192948,-0.00178078,0.418268,0.908117
14223704000,0.283615,0.39265,9.78443,0.0192275,-0.0017514,0.418784,0.907881
14233704000,0.183701,0.300309,9.7567,0.0191644,-0.00173375,0.419302,0.907643
14243704000,0.308114,0.315153,9.74671,0.0190954,-0.00171217,0.419826,0.907402
14253704000,0.219235,0.371902,9.79771,0.0190398,-0.00169042,0.420338,0.907166
14263704000,0.245833,0.353375,9.81231,0.0189665,-0.00168232,0.420866,0.906923
14273704000,0.323272,0.332403,9.75549,0.0189059,-0.00168634,0.42139,0.906681
14283704000,0.176324,0.327372,9.79542,0.0188451,-0.00168471,0.421918,0.906437
14293704000,0.331567,0.35721,9.78634,0.0187733,-0.00168232,0.422461,0.906185
14303704000,0.366588,0.284326,9.69962,0.0187225,-0.00168875,0.422995,0.905937
14313704000,0.226075,0.252967,9.74251,0.0186861,-0.00169131,0.423534,0.905686
14323704000,0.393147,0.428784,9.78946,0.0186268,-0.00169445,0.424072,0.905435
14333704000,0.316278,0.364583,9.79782,0.0185801,-0.00171139,0.424617,0.905181
14343704000,0.223304,0.237072,9.75672,0.0185254,-0.00173647,0.425162,0.904926
14353704000,0.409412,0.360385,9.73433,0.0184783,-0.00174455,0.425714,0.904667
14363704000,0.279023,0.373544,9.75842,0.0184285,-0.00177801,0.426257,0.904413
14373704000,0.282117,0.321214,9.77518,0.018391,-0.00180437,0.426815,0.90415
14383704000,0.360271,0.433401,9.76997,0.0183494,-0.0018241,0.427368,0.90389
14393704000,0.280461,0.320177,9.81076,0.0183291,-0.00186328,0.427914,0.903632
14403704000,0.369462,0.355719,9.77739,0.0182921,-0.00188878,0.42847,0.903369
14413704000,0.363439,0.32802,9.78349,0.0182668,-0.00191995,0.429025,0.903106
14423704000,0.233603,0.362577,9.79991,0.0182477,-0.00196585,0.429577,0.902844
14433704000,0.412309,0.429736,9.84261,0.0182223,-0.00199669,0.430133,0.902579
14443704000,0.265168,0.360107,9.80694,0.018221,-0.00204233,0.430683,0.902317
14453704000,0.229272,0.375913,9.81701,0.0182339,-0.00207274,0.431238,0.902052
14463704000,0.394644,0.395251,9.79895,0.0182463,-0.00209824,0.431796,0.901784
14473704000,0.241731,0.42497,9.82152,0.0182504,-0.00214395,0.432352,0.901518
14483704000,0.261326,0.350472,9.78126,0.0182631,-0.0021832,0.432916,0.901247
14493704000,0.353536,0.444142,9.83108,0.0182869,-0.00222568,0.433471,0.900979
14503704000,0.212151,0.439462,9.87105,0.018306,-0.00226767,0.43403,0.90071
14513704000,0.268098,0.413433,9.8439,0.0183291,-0.00230628,0.434588,0.90044
14523704000,0.300985,0.363825,9.8349,0.0183582,-0.00234716,0.435145,0.90017
14533704000,0.218489,0.468827,9.82999,0.0184016,-0.00239602,0.435704,0.899898
14543704000,0.284095,0.219875,9.72983,0.01846,-0.00241183,0.436266,0.899625
14553704000,0.196359,0.334103,9.87478,0.0185305,-0.00245917,0.436826,0.899352
14563704000,0.23243,0.432094,9.87328,0.0185936,-0.00249354,0.437382,0.89908
14573704000,0.297112,0.425709,9.92661,0.01866,-0.00253719,0.437941,0.898807
14583704000,0.242933,0.382302,9.7855,0.0187393,-0.00255464,0.4385,0.898532
14593704000,0.243273,0.360845,9.84147,0.0188318,-0.00258246,0.439057,0.898258
14603704000,0.350635,0.444566,9.84131,0.0189382,-0.00259172,0.439617,0.897982
14613704000,0.211226,0.332166,9.80547,0.0190654,-0.00261821,0.440172,0.897707
14623704000,0.325688,0.318953,9.79338,0.0191911,-0.00261346,0.440722,0.897435
14633704000,0.305902,0.326972,9.80261,0.0193225,-0.00258039,0.441281,0.897157
14643704000,0.272337,0.344291,9.76215,0.0194427,-0.00256118,0.441845,0.896877
14653704000,0.293481,0.268669,9.74872,0.0195863,-0.00250347,0.442396,0.896603
14663704000,0.281281,0.316318,9.76522,0.0197269,-0.00243052,0.442947,0.896328
14673704000,0.268393,0.334156,9.77457,0.0198754,-0.00232742,0.443496,0.896053
14683704000,0.322468,0.34747,9.73969,0.0200282,-0.00220992,0.44404,0.89578
14693704000,0.221174,0.27241,9.74658,0.0201972,-0.00206806,0.444591,0.895504
14703704000,0.269216,0.387964,9.78264,0.0203687,-0.00191239,0.445138,0.895229
14713704000,0.258096,0.38305,9.81035,0.0205492,-0.00173006,0.445689,0.89495
14723704000,0.167439,0.383771,9.80175,0.0207348,-0.0015504,0.446235,0.894674
14733704000,0.177116,0.378978,9.8637,0.0209164,-0.00135988,0.446772,0.894402
14743704000,0.208164,0.426426,9.85218,0.0210851,-0.00117814,0.447305,0.894132
14753704000,0.191192,0.349231,9.78825,0.0212623,-0.000984849,0.447829,0.893866
14763704000,0.171469,0.333865,9.83155,0.0214258,-0.000801011,0.448353,0.8936
14773704000,0.10445,0.359798,9.7798,0.0215691,-0.000616744,0.448884,0.893329
14783704000,0.145921,0.358324,9.8058,0.0217066,-0.000417611,0.449409,0.893062
14793704000,0.196745,0.31415,9.74119,0.0218448,-0.00021594,0.449935,0.892794
14803704000,0.0964167,0.303206,9.76028,0.0219838,-2.29715e-05,0.450458,0.892527
14813704000,0.21061,0.445042,9.80454,0.0221218,0.000192447,0.450964,0.892268
14823704000,0.158358,0.395882,9.80389,0.0222559,0.00039672,0.451485,0.892001
14833704000,0.942085,0.353873,9.02392,0.0223571,0.000668224,0.451988,0.891743
14843704000,0.188112,0.382158,9.37678,0.0225347,0.000912867,0.4525,0.89148
14853704000,-0.277099,0.570953,10.3074,0.0226581,0.00119984,0.452992,0.891226
14863704000,-0.724888,1.81862,11.1339,0.0227701,0.00144184,0.453504,0.890962
14873704000,-0.262795,1.51334,10.8298,0.0228794,0.00179817,0.453987,0.890713
14883704000,-0.112393,0.740681,10.2214,0.0230385,0.00214837,0.454476,0.890459
14893704000,-0.0500532,0.200126,9.77327,0.0232239,0.0025868,0.454956,0.890207
14903704000,0.112723,0.406209,9.86445,0.0233799,0.00299222,0.455432,0.889959
14913704000,0.0547954,0.50893,9.77552,0.0234991,0.00343096,0.455912,0.889708
14923704000,0.086796,0.402097,9.89713,0.0236606,0.00388219,0.456376,0.889464
