3143707000,-0.502398,-2.63063,9.46212,-0.0879256,0.115491,-0.696821,0.702404
3153707000,-0.35796,-2.63671,9.68904,-0.0878828,0.115536,-0.69959,0.699644
3163707000,-0.273054,-2.57348,9.1829,-0.0878132,0.115564,-0.702351,0.696877
3173707000,-0.274729,-2.90432,9.56964,-0.087742,0.115592,-0.705116,0.694083
3183707000,-0.120443,-2.90005,9.29344,-0.0876698,0.115597,-0.707859,0.691294
3193707000,-0.329755,-2.86585,9.22409,-0.0876072,0.115599,-0.710564,0.688521
3203707000,-0.398446,-2.95106,9.50467,-0.0875403,0.115608,-0.713278,0.685716
3213707000,-0.119693,-3.21729,9.09174,-0.0874473,0.1156,-0.716007,0.682879
3223707000,-0.406169,-2.51874,9.46519,-0.0873984,0.1156,-0.718677,0.680075
3233707000,-0.275521,-2.76348,9.68052,-0.0873344,0.115623,-0.721333,0.677262
3243707000,0.015246,-2.74008,8.89282,-0.0872266,0.115591,-0.724014,0.674414
3253707000,-0.335789,-2.54082,9.78413,-0.0871576,0.115578,-0.726656,0.671577
3263707000,-0.10919,-3.06181,9.2161,-0.0870706,0.115539,-0.729272,0.668754
3273707000,-0.27391,-2.90092,9.13137,-0.0869513,0.11552,-0.731892,0.665904
3283707000,-0.29645,-2.95179,9.64451,-0.0868141,0.115457,-0.734528,0.663025
3293707000,-0.061079,-2.70164,9.26973,-0.0867098,0.115422,-0.737115,0.660167
3303707000,-0.396034,-2.4917,9.55922,-0.0866273,0.115383,-0.739665,0.657326
3313707000,-0.308583,-2.63393,9.62975,-0.0865162,0.115325,-0.742247,0.654435
3323707000,0.0490074,-2.65968,9.15738,-0.0864031,0.115241,-0.744809,0.651547
3333707000,-0.27769,-2.7927,9.50514,-0.086275,0.115177,-0.747322,0.648691
3343707000,-0.15806,-2.98709,9.43553,-0.0861149,0.115099,-0.749841,0.645813
3353707000,-0.0939895,-2.59235,9.24402,-0.0859672,0.115035,-0.752372,0.642895
3363707000,-0.205188,-2.84207,9.93283,-0.0858218,0.114955,-0.754869,0.639994
3373707000,-0.0567442,-2.8053,8.84155,-0.0856615,0.114889,-0.757331,0.637113
3383707000,-0.206876,-2.83275,9.70995,-0.0854959,0.114769,-0.759811,0.634197
3393707000,-0.00700816,-2.89168,9.41719,-0.0853287,0.114664,-0.762292,0.631255
3403707000,-0.00910542,-2.28737,9.39941,-0.0851725,0.114575,-0.764734,0.628331
3413707000,-0.157051,-2.77377,9.70755,-0.0849686,0.114461,-0.767169,0.625405
3423707000,-0.00423271,-2.76118,9.33756,-0.0847849,0.114353,-0.769589,0.622469
3433707000,-0.0370282,-2.95648,9.04277,-0.0845938,0.114205,-0.772016,0.61951
3443707000,-0.193202,-3.03225,9.52384,-0.0844053,0.114071,-0.774422,0.61655
3453707000,0.0346761,-2.80455,9.27488,-0.0841715,0.113964,-0.776811,0.61359
3463707000,-0.309641,-2.45697,9.89139,-0.0839739,0.113854,-0.77918,0.610626
3473707000,0.0188672,-2.5126,9.63793,-0.083767,0.113749,-0.781547,0.607642
3483707000,-0.13782,-2.2727,9.56706,-0.0835841,0.113594,-0.783917,0.604636
3493707000,-0.147998,-2.74832,9.83288,-0.0833869,0.11348,-0.786262,0.601632
3503707000,0.0857919,-2.75424,9.1631,-0.0832136,0.113402,-0.788584,0.598624
3513707000,-0.0726443,-2.78781,9.49606,-0.0830204,0.113286,-0.790919,0.595585
3523707000,-0.0158913,-2.98998,9.49938,-0.082869,0.113143,-0.793241,0.592537
3533707000,-0.0069021,-2.73753,9.19106,-0.0827093,0.11304,-0.795528,0.589505
3543707000,-0.180717,-2.5895,9.74442,-0.0825557,0.11292,-0.797813,0.586454
3553707000,0.143124,-2.24863,9.59328,-0.0823849,0.112833,-0.800088,0.583388
3563707000,-0.040978,-2.40001,9.60183,-0.0822226,0.112707,-0.802349,0.580321
3573707000,0.213917,-2.95499,9.50193,-0.0820089,0.112591,-0.804592,0.577261
3583707000,0.122008,-2.92747,9.06353,-0.0818034,0.112449,-0.806825,0.574193
3593707000,-0.0216018,-3.03629,9.61318,-0.0815976,0.112305,-0.80904,0.571126
3603707000,0.146383,-2.79406,9.18771,-0.0814497,0.112186,-0.811242,0.568038
3613707000,-0.0912916,-2.37826,9.7013,-0.0812758,0.112057,-0.813431,0.564949
3623707000,0.0826049,-2.54146,9.80771,-0.0810968,0.111933,-0.815601,0.561862
3633707000,0.0742538,-2.18952,9.36996,-0.0809336,0.111803,-0.817752,0.558777
3643707000,0.221329,-2.90551,9.63251,-0.0807722,0.11164,-0.819914,0.555656
3653707000,0.304475,-3.053,9.21407,-0.0805914,0.111462,-0.822062,0.552535
3663707000,-0.0268537,-2.61283,9.31633,-0.0804079,0.111313,-0.824174,0.549437
3673707000,0.145759,-2.71185,9.72487,-0.0802448,0.111196,-0.826284,0.546307
3683707000,0.244604,-2.71262,9.19645,-0.080059,0.111044,-0.8284,0.543152
3693707000,0.0319752,-2.58653,9.70221,-0.0799191,0.110875,-0.830486,0.540012
3703707000,0.220682,-2.7125,9.4285,-0.0797458,0.110757,-0.83254,0.53689
3713707000,0.157829,-2.32434,9.31224,-0.0795899,0.110612,-0.834591,0.533749
3723707000,0.18638,-2.59451,9.89873,-0.0794064,0.110454,-0.836658,0.530565
3733707000,0.409308,-2.63035,9.27132,-0.0792373,0.110268,-0.838697,0.5274
3743707000,0.00504345,-2.54162,9.3108,-0.0790674,0.110117,-0.840694,0.524267
3753707000,0.291219,-3.00666,9.60402,-0.0788878,0.109947,-0.842704,0.521093
3763707000,0.304359,-2.67053,9.02194,-0.0786795,0.109755,-0.844725,0.517883
3773707000,-0.00831859,-2.40999,9.89508,-0.0785379,0.109559,-0.846711,0.514693
3783707000,0.276518,-2.46207,9.22632,-0.0783578,0.109409,-0.848667,0.511521
3793707000,0.187681,-2.41978,9.60806,-0.0781749,0.109226,-0.850639,0.508303
3803707000,0.300611,-2.48556,9.73344,-0.0779774,0.109045,-0.852598,0.505079
3813707000,0.389286,-2.47309,9.25966,-0.0777849,0.108842,-0.854532,0.501874
3823707000,0.0638544,-2.74567,9.51365,-0.0775972,0.108606,-0.856451,0.498673
3833707000,0.246904,-2.64882,9.66865,-0.0773879,0.108386,-0.858372,0.495441
3843707000,0.36385,-2.42315,9.09709,-0.077163,0.108159,-0.860273,0.492218
3853707000,0.0480189,-2.43572,10.0346,-0.0769861,0.107925,-0.862145,0.489011
3863707000,0.37066,-2.47725,9.2649,-0.0767512,0.107672,-0.864023,0.485778
3873707000,0.283983,-2.10849,9.71578,-0.0765392,0.107432,-0.865886,0.482537
3883707000,0.368895,-2.4208,9.74867,-0.0763128,0.107211,-0.867729,0.4793
3893707000,0.347785,-2.53259,9.1025,-0.0760564,0.106933,-0.869569,0.476057
3903707000,0.162129,-2.57086,9.58008,-0.0757989,0.106689,-0.871395,0.472803
3913707000,0.309702,-2.69666,9.43295,-0.0755252,0.106436,-0.873209,0.469546
3923707000,0.372925,-2.51977,9.23584,-0.0752644,0.106199,-0.875,0.466296
3933707000,0.208762,-2.09958,9.96497,-0.0750173,0.105966,-0.876776,0.463042
3943707000,0.358723,-2.1833,9.51144,-0.0747514,0.105729,-0.878545,0.459774
3953707000,0.344854,-2.0284,9.48591,-0.0744818,0.10549,-0.880284,0.456535
3963707000,0.421723,-2.83745,9.62364,-0.0741646,0.105224,-0.882022,0.453282
3973707000,0.601406,-2.66394,8.82203,-0.0738413,0.104956,-0.88375,0.450019
3983707000,0.085935,-2.54172,9.68412,-0.0735372,0.104677,-0.885456,0.446768
3993707000,0.410956,-2.51793,9.29152,-0.0732171,0.104439,-0.887148,0.443509
4003707000,0.330129,-2.0166,9.46095,-0.0729015,0.10419,-0.888836,0.440229
4013707000,0.209865,-2.17136,9.96431,-0.0725523,0.103957,-0.890503,0.436961
4023707000,0.499408,-2.31767,9.32427,-0.0721877,0.103692,-0.892161,0.433689
4033707000,0.417431,-2.41061,9.38529,-0.0718132,0.10343,-0.893812,0.430402
4043707000,0.400662,-2.50216,9.55467,-0.0714215,0.103162,-0.895455,0.427102
4053707000,0.570651,-2.5616,9.19126,-0.0709985,0.102904,-0.897085,0.423803
4063707000,0.194259,-2.35343,9.64841,-0.0705941,0.102628,-0.898705,0.420493
4073707000,0.46375,-2.46965,9.51881,-0.0701802,0.102351,-0.90031,0.417183
4083707000,0.43682,-2.17523,9.32682,-0.0697701,0.102051,-0.901912,0.41385
4093707000,0.278012,-2.21454,9.8929,-0.0693304,0.101756,-0.903506,0.410508
4103707000,0.609808,-2.12924,9.42155,-0.0689222,0.101474,-0.905074,0.407178
4113707000,0.465789,-2.22715,9.37719,-0.0684824,0.101194,-0.906626,0.403856
4123707000,0.458325,-2.65994,9.62685,-0.0680425,0.100905,-0.908172,0.400515
4133707000,0.640917,-2.73784,8.88609,-0.0675967,0.100618,-0.90971,0.397158
4143707000,0.365566,-2.01455,9.76194,-0.0671803,0.100375,-0.911212,0.393834
4153707000,0.427464,-2.26163,9.53504,-0.0667215,0.100134,-0.912705,0.390502
4163707000,0.515473,-2.1936,9.35066,-0.0662509,0.0998708,-0.914199,0.38714
4173707000,0.492883,-2.44234,9.67673,-0.0657904,0.0996472,-0.915667,0.383792
4183707000,0.557097,-2.01078,9.26807,-0.0653173,0.0994021,-0.91712,0.380451
4193707000,0.438619,-2.40773,9.46192,-0.0648274,0.0991438,-0.918559,0.377116
4203707000,0.500878,-2.55996,9.78141,-0.0643372,0.0988937,-0.919998,0.373745
4213707000,0.661633,-2.2362,8.8944,-0.0638183,0.098649,-0.921424,0.37037
4223707000,0.16102,-1.87151,10.0092,-0.0633288,0.0984569,-0.922813,0.367031
4233707000,0.584256,-2.50783,9.46162,-0.0627911,0.0982318,-0.924204,0.36367
4243707000,0.391888,-2.19736,9.31866,-0.0622774,0.0979891,-0.925596,0.360266
4253707000,0.363913,-2.00528,9.96671,-0.0617551,0.0978123,-0.926957,0.356889
4263707000,0.617943,-1.80782,9.37754,-0.0611896,0.0976353,-0.928304,0.353518
4273707000,0.425024,-2.33159,9.63793,-0.0606222,0.0974146,-0.929655,0.35011
4283707000,0.663801,-2.46747,9.51452,-0.0600383,0.0971888,-0.931005,0.34667
4293707000,0.49844,-2.28906,9.16875,-0.0594685,0.0969876,-0.932326,0.343256
4303707000,0.178923,-2.08404,9.82405,-0.0589075,0.0968199,-0.933628,0.339844
4313707000,0.616419,-2.28115,9.50404,-0.0582973,0.0966364,-0.934943,0.33637
4323707000,0.467421,-1.78957,9.42951,-0.0577132,0.096423,-0.936241,0.332902
4333707000,0.321406,-2.01859,9.92623,-0.0571099,0.0962466,-0.937508,0.329474
4343707000,0.695788,-2.14745,8.97667,-0.0564882,0.0960879,-0.93877,0.326018
4353707000,0.436022,-2.25533,9.87318,-0.055851,0.095897,-0.940035,0.32252
4363707000,0.514451,-2.09681,9.40441,-0.0552355,0.0957542,-0.941269,0.319052
4373707000,0.301273,-2.07981,9.42802,-0.0546331,0.0955842,-0.942488,0.315587
4383707000,0.374499,-2.40245,9.56574,-0.0539893,0.0954215,-0.9437,0.312108
4393707000,0.598224,-2.18424,9.29757,-0.0533185,0.0952742,-0.944902,0.308612
4403707000,0.346844,-2.05082,9.59193,-0.0526594,0.095144,-0.946084,0.305123
4413707000,0.390108,-1.95117,9.73455,-0.0520134,0.0950154,-0.947252,0.301629
4423707000,0.518382,-1.74287,9.52758,-0.0513534,0.0949085,-0.948407,0.298128
4433707000,0.350733,-2.03599,9.82029,-0.0506686,0.094789,-0.949548,0.29463
4443707000,0.529826,-2.31902,9.33855,-0.0500001,0.0947006,-0.950671,0.291129
4453707000,0.30721,-2.28617,9.17883,-0.0493211,0.0945928,-0.951793,0.287592
4463707000,0.370683,-2.27164,9.96759,-0.0486187,0.0945319,-0.952893,0.284067
4473707000,0.364458,-1.53136,9.36615,-0.0479175,0.0944875,-0.953971,0.280562
4483707000,0.225011,-1.6961,10.2406,-0.0472304,0.0944259,-0.955046,0.277022
4493707000,0.386784,-1.57712,9.80021,-0.0465415,0.0943715,-0.956108,0.273468
4503707000,0.418777,-1.96856,9.45129,-0.0458296,0.0942783,-0.957152,0.269946
4513707000,0.372098,-2.13557,9.73823,-0.0450848,0.0942196,-0.95818,0.266424
4523707000,0.504283,-2.35593,9.35692,-0.0443536,0.0941532,-0.959204,0.262862
4533707000,0.186563,-1.96284,9.42244,-0.0436482,0.0941023,-0.960212,0.259294
4543707000,0.19604,-2.01807,9.75848,-0.042934,0.0940744,-0.961201,0.255735
4553707000,0.494686,-1.80587,9.36512,-0.0421794,0.0940699,-0.962175,0.252172
4613707000,0.219217,-2.03068,9.25465,-0.0377234,0.0939799,-0.967783,0.230524
4623707000,0.202777,-1.75449,10.0555,-0.0369992,0.0939842,-0.968667,0.226897
4633707000,0.208415,-1.60726,9.60963,-0.0362376,0.0939977,-0.969535,0.22328
4643707000,0.158681,-1.42441,9.85489,-0.0354749,0.094004,-0.97039,0.219653
4653707000,0.296072,-2.10874,9.7362,-0.0346958,0.093977,-0.971243,0.215989
4663707000,0.356038,-1.73494,9.2735,-0.0339368,0.0939739,-0.972069,0.212365
4673707000,0.0563286,-2.23059,9.74732,-0.0331544,0.0939649,-0.972882,0.20874
4683707000,0.274213,-2.03465,9.38763,-0.0323448,0.0939716,-0.973687,0.205079
4693707000,0.197182,-1.80684,9.58892,-0.0315497,0.0939486,-0.974486,0.201384
4703707000,0.0410996,-1.51016,10.1607,-0.030761,0.0939994,-0.97525,0.197751
4713707000,0.273521,-1.90796,9.15347,-0.0299549,0.0940108,-0.976008,0.194095
4723707000,0.18377,-1.87547,9.78488,-0.0291284,0.0940208,-0.976762,0.190387
4733707000,0.204963,-1.74834,9.88856,-0.0283286,0.0940537,-0.9775,0.18667
4743707000,0.145481,-1.5967,9.39146,-0.0275232,0.0940981,-0.978212,0.183002
4753707000,0.0334332,-2.12379,9.68372,-0.0267034,0.094095,-0.978916,0.179325
4763707000,0.226272,-2.08652,9.43964,-0.0258692,0.0941,-0.979613,0.175594
4773707000,-0.0067891,-1.47803,9.82936,-0.0250462,0.0941259,-0.98029,0.171886
4783707000,-0.0364361,-1.64652,10.0259,-0.0242157,0.0941784,-0.980943,0.168213
4793707000,0.0640307,-1.51975,9.4918,-0.0233921,0.0942037,-0.98159,0.164496
4803707000,0.0433436,-2.01472,9.81806,-0.0225292,0.0941846,-0.982234,0.160741
4813707000,0.077449,-1.81453,9.72774,-0.0216925,0.0942405,-0.982847,0.157034
4823707000,0.0894102,-1.86038,9.22963,-0.0208492,0.0942477,-0.983453,0.15331
4833707000,-0.0997345,-2.01448,10.0958,-0.0200108,0.094262,-0.984046,0.149556
4843707000,0.251811,-1.86738,9.34109,-0.0191575,0.0942856,-0.984624,0.145808
4853707000,-0.27983,-1.79154,9.66009,-0.0183104,0.09432,-0.98518,0.142087
4863707000,0.112284,-1.95544,9.72999,-0.017436,0.094377,-0.985724,0.138339
4873707000,0.0327056,-1.81716,9.41686,-0.0165896,0.0944001,-0.986262,0.134541
4883707000,-0.00602542,-1.82849,9.94137,-0.0157263,0.0944563,-0.986777,0.130775
4893707000,0.049283,-1.75705,9.52557,-0.0148729,0.0945732,-0.987267,0.127034
4903707000,-0.139995,-1.77672,9.71423,-0.014003,0.0946441,-0.987752,0.123254
4913707000,0.00664016,-1.89334,9.80903,-0.0131209,0.094724,-0.988223,0.119461
4923707000,-0.125955,-1.92947,9.3323,-0.0122205,0.0947982,-0.988677,0.115677
4933707000,-0.266094,-1.57686,10.1021,-0.0113405,0.0949038,-0.989113,0.111897
4943707000,-0.00989441,-1.60285,9.7858,-0.0104329,0.0949703,-0.98954,0.10809
4953707000,-0.223214,-1.41897,9.68964,-0.00956186,0.0950395,-0.989947,0.104308
4963707000,-0.0454061,-1.90713,9.97638,-0.00868065,0.0951234,-0.990339,0.100525
4973707000,-0.0630358,-1.8703,9.36016,-0.00780236,0.095185,-0.99072,0.0967057
4983707000,-0.0824244,-1.87274,10.0632,-0.00691128,0.0952704,-0.991083,0.0928953
4993707000,-0.00694371,-2.01475,9.34982,-0.00603744,0.0953367,-0.991434,0.089067
5003707000,-0.305954,-1.57005,9.75514,-0.00520406,0.0954381,-0.991764,0.0852594
5013707000,-0.244096,-1.95657,9.80632,-0.00432407,0.0955269,-0.992082,0.0814202
5023707000,-0.0651378,-1.7786,9.56466,-0.0034401,0.0956098,-0.992383,0.0776086
5033707000,-0.178186,-1.64366,9.63391,-0.0025308,0.095714,-0.992667,0.0737904
5043707000,-0.164187,-1.79027,10.0167,-0.00164638,0.0958027,-0.992939,0.0699395
5053707000,-0.118542,-1.49628,9.37863,-0.000768546,0.0959277,-0.99319,0.0661154
5063707000,-0.233462,-2.01921,9.86909,0.000106185,0.0960037,-0.99343,0.0622973
5073707000,0.0548028,-2.18145,9.33088,0.00100136,0.0960969,-0.993653,0.058466
5083707000,-0.415406,-1.82363,9.48046,0.00188151,0.096167,-0.993863,0.0546364
5093707000,-0.337061,-1.94636,10.0083,0.00275911,0.096252,-0.994056,0.0507925
5103707000,-0.100062,-1.44897,9.50304,0.00364228,0.0963232,-0.994236,0.0469345
5113707000,-0.376935,-1.3892,9.93519,0.00452035,0.0964354,-0.994395,0.0431078
5123707000,-0.144728,-2.07922,9.56146,0.00540086,0.0965151,-0.994543,0.039241
5133707000,-0.120179,-1.93825,9.2112,0.006278,0.0965693,-0.994678,0.0353601
5143707000,-0.351716,-1.86919,9.7521,0.00717401,0.0966279,-0.994796,0.0315164
5153707000,-0.261202,-1.93303,9.63333,0.00806998,0.0967124,-0.994895,0.0276744
5163707000,-0.350767,-1.81258,9.40978,0.00894924,0.0967572,-0.994984,0.0237853
5173707000,-0.396458,-1.75902,9.98743,0.00982308,0.096803,-0.995057,0.0198741
5183707000,-0.165344,-1.66942,9.46608,0.0107121,0.0968669,-0.995111,0.0160057
5193707000,-0.433731,-1.40857,9.87281,0.0115877,0.0969285,-0.99515,0.012153
5203707000,-0.133544,-2.2518,9.51371,0.0124538,0.0969333,-0.995179,0.00824596
5213707000,-0.229657,-1.85027,9.2267,0.013301,0.0969691,-0.995189,0.00434583
5223707000,-0.554007,-2.23006,9.70259,0.0141306,0.0970115,-0.995183,0.000485524
5233707000,-0.302085,-2.01359,9.41763,0.0149914,0.0970932,-0.995157,-0.00337479
5243707000,-0.434698,-1.55521,9.84202,0.0158536,0.0971181,-0.99512,-0.00728938
5253707000,-0.53111,-1.3415,10.1249,0.0166898,0.0971898,-0.995063,-0.0111877
5263707000,-0.250254,-1.54564,9.51173,0.01755,0.097256,-0.994991,-0.0150524
5273707000,-0.407612,-2.13846,9.4836,0.0184112,0.0972839,-0.994906,-0.0189342
5283707000,-0.197196,-2.33454,9.52282,0.019284,0.0973085,-0.994805,-0.0228573
5293707000,-0.421705,-1.74755,9.41453,0.0201115,0.0973331,-0.994689,-0.0267639
5303707000,-0.576757,-2.11708,10.117,0.0209272,0.097361,-0.994557,-0.0306514
5313707000,-0.339486,-1.5485,9.20106,0.0217942,0.0973715,-0.994409,-0.0345551
5323707000,-0.514256,-1.77606,10.0199,0.0226316,0.097358,-0.994248,-0.0384883
5333707000,-0.382945,-1.69539,9.83827,0.0234712,0.0973775,-0.994067,-0.0424019
5343707000,-0.409157,-1.97894,9.23443,0.0242997,0.0973485,-0.993875,-0.0463079
5353707000,-0.368863,-1.82087,9.86266,0.0251574,0.0973293,-0.993666,-0.050221
5363707000,-0.297581,-2.30134,9.48319,0.0259755,0.0972804,-0.993444,-0.0541444
5373707000,-0.580386,-1.57058,9.51565,0.0267842,0.097282,-0.993201,-0.058051
5383707000,-0.53427,-2.08298,9.99999,0.0275805,0.0972542,-0.992945,-0.0619831
5393707000,-0.423389,-1.72956,9.4147,0.0283861,0.0972272,-0.99267,-0.0659298
5403707000,-0.682162,-1.59505,10.101,0.0291611,0.0972282,-0.99238,-0.0698413
5413707000,-0.379432,-1.62118,9.54749,0.0299674,0.0972244,-0.992073,-0.0737664
5423707000,-0.455635,-1.96737,9.33463,0.0307442,0.0971791,-0.991753,-0.0776998
5433707000,-0.455787,-2.13333,9.82313,0.0315472,0.0971466,-0.991416,-0.0816129
5443707000,-0.328397,-2.28794,9.11712,0.0323277,0.0970908,-0.991066,-0.0855405
5453707000,-0.788427,-1.50562,9.92068,0.0330966,0.0970731,-0.990695,-0.0894738
5463707000,-0.512323,-1.86234,9.8983,0.0338684,0.0970681,-0.990307,-0.0933961
5473707000,-0.509266,-1.71302,9.35734,0.0346435,0.097023,-0.989906,-0.0973263
5483707000,-0.720907,-1.96626,9.90222,0.0354111,0.0969731,-0.98949,-0.10125
5493707000,-0.420503,-1.86695,9.41539,0.0361955,0.096926,-0.989058,-0.105164
5503707000,-0.573901,-1.87414,9.65945,0.0369326,0.096893,-0.988612,-0.109062
5513707000,-0.556945,-1.94961,9.7019,0.0376826,0.0968545,-0.988148,-0.112977
5523707000,-0.402353,-1.97276,9.31855,0.0384508,0.0968023,-0.987666,-0.116902
5533707000,-0.761771,-1.92689,9.77069,0.0392254,0.0967774,-0.987168,-0.120811
5543707000,-0.350209,-2.61696,9.4425,0.0399869,0.0967191,-0.986654,-0.124738
5553707000,-0.56601,-1.6984,9.41329,0.0407368,0.0966834,-0.986124,-0.128657
5563707000,-0.88309,-1.8472,10.2907,0.0414626,0.0966692,-0.985577,-0.132571
5573707000,-0.400432,-1.71408,9.15287,0.0422311,0.0966419,-0.98501,-0.136499
5583707000,-0.699559,-1.94248,9.81193,0.0429454,0.0965672,-0.984435,-0.140424
5593707000,-0.478458,-2.21004,9.59006,0.0436876,0.0964944,-0.983844,-0.144333
5603707000,-0.672773,-2.18618,9.28921,0.0444108,0.0964577,-0.983232,-0.148249
5613707000,-0.673987,-2.00472,9.85243,0.0451629,0.0964189,-0.9826,-0.152186
5623707000,-0.560367,-2.07234,9.63083,0.0458685,0.0963672,-0.981954,-0.156129
5633707000,-0.878151,-1.63029,9.43218,0.0465857,0.0963515,-0.981296,-0.160015
5643707000,-0.637255,-2.1792,9.88402,0.0473126,0.096301,-0.98062,-0.163928
5653707000,-0.46359,-1.95622,9.43193,0.0480546,0.0962707,-0.979918,-0.167882
5663707000,-0.730716,-1.76519,9.60735,0.0487629,0.0962373,-0.979208,-0.17179
5673707000,-0.630888,-2.13389,9.74118,0.0494767,0.0961943,-0.978488,-0.175669
5683707000,-0.526924,-2.43556,8.98936,0.0501622,0.0961132,-0.977749,-0.179593
5693707000,-0.822299,-2.20185,9.7077,0.0508929,0.0960484,-0.976989,-0.183513
5703707000,-0.66361,-2.07751,9.65176,0.0515919,0.0960382,-0.976215,-0.187403
5713707000,-0.767655,-1.68183,9.4746,0.052295,0.0959891,-0.975421,-0.191326
5723707000,-0.828364,-1.97979,10.0462,0.0529707,0.0959504,-0.974607,-0.195267
5733707000,-0.55892,-1.69067,9.49513,0.0536895,0.0959111,-0.973777,-0.199189
5743707000,-0.734381,-2.29939,9.46715,0.0543695,0.0958478,-0.972938,-0.203096
5753707000,-0.642873,-2.36666,9.50595,0.0550808,0.0957998,-0.972072,-0.207037
5763707000,-0.632601,-2.50267,9.28656,0.055742,0.0957247,-0.971183,-0.211028
5773707000,-0.906046,-1.57911,9.8253,0.0564164,0.0957431,-0.970283,-0.214945
5783707000,-0.773199,-2.19064,9.71831,0.0570877,0.0957194,-0.969371,-0.218859
5793707000,-0.734388,-1.66599,9.47315,0.0577791,0.0956854,-0.968436,-0.222795
5803707000,-0.83682,-2.02616,10.1767,0.0584444,0.0956357,-0.967484,-0.226744
5813707000,-0.493905,-1.87565,8.96655,0.0591257,0.095587,-0.966519,-0.230672
5823707000,-0.801564,-2.09205,9.81699,0.0597967,0.0955458,-0.965542,-0.234574
5833707000,-0.720229,-2.55438,9.46819,0.0604698,0.0954822,-0.964543,-0.238502
5843707000,-0.704179,-2.24276,9.2531,0.0611302,0.0954499,-0.963526,-0.242427
5853707000,-0.962681,-2.10514,9.75124,0.0617884,0.0954261,-0.962496,-0.24633
5863707000,-0.85201,-1.9562,9.80971,0.0624527,0.0954247,-0.96145,-0.250217
5873707000,-0.804617,-1.52918,9.69584,0.0631109,0.0954279,-0.960384,-0.254111
5883707000,-0.848583,-1.92331,9.98931,0.0637658,0.0954437,-0.9593,-0.258008
5893707000,-0.645133,-2.13026,9.14483,0.0644202,0.0954446,-0.958204,-0.26189
5903707000,-0.792166,-2.72979,9.58767,0.0650751,0.0954288,-0.957092,-0.265769
5913707000,-0.687263,-2.31287,9.59557,0.0657386,0.0954441,-0.955964,-0.269634
5923707000,-0.805026,-2.10776,9.44186,0.0663596,0.0954832,-0.954813,-0.273516
5933707000,-0.953475,-1.34353,10.4076,0.0669929,0.0955708,-0.953641,-0.277393
5943707000,-0.758505,-2.18312,9.47125,0.0676168,0.095617,-0.952457,-0.281266
5953707000,-0.799527,-1.86195,9.41569,0.0682689,0.0956682,-0.951258,-0.285123
5963707000,-0.824653,-2.49682,9.73715,0.0689077,0.0957076,-0.950039,-0.288996
5973707000,-0.641546,-2.11299,9.32514,0.0695539,0.0957835,-0.948798,-0.292864
5983707000,-0.921658,-2.32334,9.33308,0.070191,0.0958402,-0.947548,-0.296718
5993707000,-0.89897,-2.18457,9.79026,0.0708495,0.0959303,-0.94628,-0.300552
6003707000,-0.791426,-2.11299,9.38608,0.071495,0.0959704,-0.945002,-0.304384
6013707000,-0.992103,-1.90725,9.86488,0.0721347,0.0960552,-0.943709,-0.308194
6023707000,-0.773674,-2.42793,9.62958,0.072782,0.0961233,-0.942397,-0.312011
6033707000,-0.706135,-1.96176,9.39009,0.0734292,0.0962278,-0.941063,-0.315831
6043707000,-0.831816,-2.18929,9.84893,0.0740678,0.0963503,-0.939716,-0.319632
6053707000,-0.673373,-2.37358,8.95327,0.0746953,0.0964379,-0.938352,-0.323444
6063707000,-0.851201,-2.53055,9.50317,0.0753056,0.0964973,-0.936971,-0.327265
6073707000,-0.89122,-2.22021,9.79566,0.0759654,0.0966304,-0.935576,-0.331042
6083707000,-0.847072,-2.07844,9.26161,0.0766052,0.0967598,-0.934166,-0.334818
6093707000,-0.95558,-2.03044,9.7698,0.0772293,0.0968809,-0.932728,-0.338626
6103707000,-0.707016,-2.41345,9.51278,0.0778422,0.0969813,-0.931279,-0.342426
6113707000,-0.857641,-2.14483,9.28409,0.078481,0.0971186,-0.929825,-0.34617
6123707000,-0.901382,-2.58104,9.64812,0.079144,0.0972401,-0.928348,-0.34993
6133707000,-0.536491,-2.63217,9.20845,0.0797694,0.0973598,-0.926841,-0.353729
6143707000,-0.840574,-2.33429,9.44665,0.0803699,0.0975032,-0.925329,-0.357491
6153707000,-0.881921,-2.38012,9.59279,0.0810099,0.09767,-0.923812,-0.361205
6163707000,-0.833365,-2.19055,9.18136,0.0816642,0.0977883,-0.922262,-0.364967
6173707000,-0.839045,-2.5127,10.0044,0.0822934,0.097914,-0.920685,-0.368755
6183707000,-0.634818,-2.41096,9.06681,0.0829052,0.0980729,-0.91911,-0.372485
6193707000,-0.933027,-2.06203,9.52194,0.0835332,0.0982481,-0.917531,-0.376175
6203707000,-0.852905,-2.5818,9.69882,0.0841587,0.0983793,-0.91592,-0.379906
6213707000,-0.577378,-2.26047,9.2132,0.0847775,0.0985288,-0.914283,-0.383657
6223707000,-0.94637,-2.64242,9.58994,0.0853791,0.0986739,-0.912652,-0.387349
6233707000,-0.799417,-2.67925,9.42068,0.0859872,0.0988474,-0.911007,-0.391027
6243707000,-0.76558,-2.4857,9.19692,0.0865981,0.0989971,-0.909324,-0.394755
6253707000,-0.855426,-2.30199,9.81192,0.0872118,0.0991812,-0.907632,-0.398449
6263707000,-0.730504,-2.4125,9.19525,0.0878361,0.0993479,-0.90594,-0.402103
6273707000,-0.902902,-2.43285,9.45776,0.0884349,0.0995075,-0.904219,-0.405789
6283707000,-0.695864,-2.72718,9.58327,0.0890377,0.0996635,-0.902478,-0.40948
6293707000,-0.631942,-2.38517,8.9537,0.089617,0.0998332,-0.900738,-0.413127
6303707000,-1.12506,-2.6242,9.94454,0.0901907,0.100016,-0.898994,-0.41674
6313707000,-0.802266,-2.51241,9.46009,0.0907723,0.100183,-0.897219,-0.420383
6323707000,-0.831904,-2.27212,9.51877,0.0913287,0.100346,-0.895425,-0.424034
6333707000,-0.976121,-2.28832,9.91237,0.091882,0.100538,-0.893635,-0.427628
6343707000,-0.748065,-2.6009,9.27499,0.092401,0.100719,-0.891824,-0.43124
6353707000,-0.931978,-2.51492,9.47612,0.0928897,0.100861,-0.889995,-0.434864
6363707000,-0.724691,-2.60768,9.42667,0.093409,0.101013,-0.888148,-0.438479
6373707000,-0.814146,-2.69249,9.09187,0.0939212,0.101159,-0.8863,-0.44206
6383707000,-0.811582,-2.90498,9.67064,0.0944067,0.101297,-0.884424,-0.445669
6393707000,-0.781854,-2.52884,9.24075,0.0948859,0.101452,-0.882533,-0.449265
6403707000,-0.925267,-1.88191,9.76519,0.0953917,0.101644,-0.880635,-0.452826
6413707000,-0.752728,-2.55545,9.7868,0.0958961,0.101794,-0.878717,-0.456398
6423707000,-0.613099,-2.68942,9.03699,0.0963717,0.101933,-0.87677,-0.459996
6433707000,-0.791944,-2.92297,9.4376,0.0968299,0.102061,-0.874829,-0.463554
6443707000,-0.647369,-3.13834,9.09079,0.0972708,0.102196,-0.87287,-0.467111
6453707000,-0.797727,-2.43157,9.36771,0.0976953,0.102341,-0.870899,-0.470655
6463707000,-0.821034,-2.65796,9.8493,0.0981309,0.10245,-0.868912,-0.4742
6473707000,-0.756677,-2.26681,9.48197,0.0985619,0.102612,-0.866925,-0.477701
6483707000,-0.795303,-2.46568,9.50111,0.0989758,0.102746,-0.864913,-0.481221
6493707000,-0.559607,-3.00896,9.51828,0.0993786,0.102882,-0.862885,-0.484735
6503707000,-0.641172,-2.9275,8.93449,0.099774,0.103033,-0.860846,-0.488235
6513707000,-0.674685,-2.85606,9.49303,0.100163,0.103187,-0.858792,-0.491727
6523707000,-0.754874,-2.69835,9.4987,0.100559,0.103366,-0.856719,-0.495213
6533707000,-0.744173,-2.52572,9.20997,0.100919,0.10352,-0.854642,-0.498685
6543707000,-0.804222,-2.69845,9.96153,0.101312,0.103671,-0.85255,-0.502142
6553707000,-0.62284,-2.50913,9.38892,0.101655,0.103829,-0.850455,-0.505582
6563707000,-0.883575,-2.45381,9.54121,0.102005,0.103989,-0.848343,-0.509014
6573707000,-0.62094,-2.98491,9.56384,0.102317,0.104137,-0.84621,-0.512459
6583707000,-0.635127,-2.93048,8.96712,0.10264,0.104232,-0.844059,-0.515912
6593707000,-0.793489,-2.83175,9.70857,0.102935,0.104382,-0.841905,-0.519332
6603707000,-0.737758,-2.77097,9.29323,0.103252,0.104551,-0.839722,-0.522757
6613707000,-0.67672,-2.63033,9.4298,0.103524,0.104675,-0.837519,-0.526201
6623707000,-0.762112,-2.68181,9.77784,0.10382,0.104794,-0.835307,-0.529624
6633707000,-0.725523,-2.63341,9.45287,0.104137,0.104954,-0.833101,-0.532995
6643707000,-0.592885,-2.93497,9.1057,0.104424,0.105051,-0.830868,-0.536394
6653707000,-0.61966,-3.22777,9.57376,0.104661,0.105143,-0.828606,-0.539818
6663707000,-0.53182,-2.86617,8.86167,0.104936,0.105246,-0.826342,-0.543204
6673707000,-0.954881,-2.43232,9.95845,0.105204,0.105388,-0.82409,-0.546535
6683707000,-0.524224,-3.00062,9.29929,0.105463,0.105471,-0.821799,-0.549908
6703707000,-0.640306,-3.00611,9.65284,0.105865,0.10563,-0.817188,-0.556632
6713707000,-0.544971,-2.76108,9.09395,0.1061,0.105718,-0.814883,-0.559939
6723707000,-0.620678,-2.88273,9.406,0.106298,0.105763,-0.812539,-0.563289
6733707000,-0.521738,-2.81858,9.58968,0.10648,0.1058,-0.810186,-0.566628
6743707000,-0.582455,-2.71523,9.18046,0.106687,0.10586,-0.80784,-0.569917
6753707000,-0.764882,-2.95986,9.68309,0.106898,0.10589,-0.805487,-0.573194
6763707000,-0.325656,-3.14524,9.21904,0.107104,0.105901,-0.803087,-0.576512
6773707000,-0.546441,-2.63646,9.49228,0.107286,0.105948,-0.800683,-0.579803
6783707000,-0.565582,-2.99035,9.69366,0.107489,0.105983,-0.79827,-0.583077
6793707000,-0.333663,-2.52431,8.99388,0.107678,0.105976,-0.795831,-0.586368
6803707000,-0.516117,-3.02044,9.69716,0.107849,0.105946,-0.793372,-0.589665
6813707000,-0.317386,-3.19578,9.24281,0.108011,0.105933,-0.790912,-0.592933
6823707000,-0.614155,-2.97237,9.0549,0.108154,0.105915,-0.788438,-0.596196
6833707000,-0.526657,-2.90979,9.82588,0.108307,0.105866,-0.785939,-0.599468
6843707000,-0.431818,-2.61002,9.32004,0.10846,0.105826,-0.783437,-0.602714
6853707000,-0.517587,-2.62611,9.65474,0.108595,0.105785,-0.780931,-0.60594
6863707000,-0.360331,-3.19813,9.21361,0.108715,0.10573,-0.778397,-0.60918
6873707000,-0.404624,-2.92165,9.12063,0.108835,0.10567,-0.775849,-0.612412
6883707000,-0.39075,-2.98719,9.54041,0.108981,0.105623,-0.773299,-0.61561
6893707000,-0.278753,-3.07613,8.97781,0.109104,0.105561,-0.770732,-0.618809
6903707000,-0.511755,-2.95964,9.42917,0.109193,0.105469,-0.768148,-0.622015
6913707000,-0.348741,-3.08805,9.50529,0.109283,0.1054,-0.765566,-0.625185
6923707000,-0.355062,-2.66317,9.18064,0.10937,0.105321,-0.762982,-0.628335
6933707000,-0.468859,-2.68752,10.0217,0.109442,0.105241,-0.760374,-0.631489
6943707000,-0.207311,-2.5922,9.28191,0.109486,0.105132,-0.757749,-0.634646
6953707000,-0.45438,-2.85261,9.54751,0.109512,0.105028,-0.755127,-0.637777
6963707000,-0.268642,-3.18367,9.30978,0.109561,0.104919,-0.752491,-0.640894
6973707000,-0.335865,-3.21849,9.03122,0.10957,0.104785,-0.749826,-0.644031
6983707000,-0.350907,-3.02148,9.64632,0.109612,0.104707,-0.747153,-0.647135
6993707000,-0.229233,-2.57982,9.29219,0.109649,0.104603,-0.74448,-0.65022
7003707000,-0.360122,-2.59575,9.58218,0.109707,0.104474,-0.741795,-0.653292
7013707000,-0.170226,-2.94922,9.6987,0.109758,0.104343,-0.739079,-0.656375
7023707000,-0.116317,-2.87216,9.03757,0.109756,0.104181,-0.736357,-0.659453
7033707000,-0.345886,-3.04076,9.71068,0.109758,0.104047,-0.733638,-0.662497
7043707000,0.0046091,-3.21005,8.85188,0.109755,0.103899,-0.7309,-0.665541
7053707000,-0.381116,-2.87516,9.43288,0.109756,0.103765,-0.72814,-0.66858
7063707000,-0.190022,-3.13757,9.46187,0.109747,0.103631,-0.725359,-0.671618
7073707000,-0.233735,-2.44527,9.27157,0.109746,0.103531,-0.722597,-0.674604
7083707000,-0.294656,-2.84811,9.63827,0.109719,0.103384,-0.719809,-0.677605
7093707000,-0.029981,-3.09174,9.24792,0.109715,0.103228,-0.716985,-0.680617
7103707000,-0.093756,-2.72235,9.27538,0.109699,0.103062,-0.714159,-0.683609
7113707000,-0.374992,-2.95495,9.58882,0.109681,0.102909,-0.711348,-0.68656
7123707000,-0.114059,-2.95437,9.23016,0.109661,0.102737,-0.70851,-0.689517
7133707000,-0.250019,-3.03854,9.47309,0.109624,0.102552,-0.705635,-0.692492
7143707000,-0.0740457,-2.81126,9.53395,0.109603,0.102413,-0.702763,-0.69543
7153707000,-0.163474,-2.42234,9.23139,0.109596,0.102253,-0.699902,-0.698334
7163707000,-0.136867,-2.9916,9.89143,0.109549,0.102097,-0.697009,-0.701252
7173707000,0.230152,-3.16208,8.76011,0.109504,0.101899,-0.694088,-0.704179
7183707000,-0.216797,-2.83235,9.39205,0.109469,0.101758,-0.69117,-0.707068
7193707000,-0.141553,-2.99344,9.44401,0.109425,0.101596,-0.688252,-0.70994
7203707000,-0.07051,-2.67969,9.26553,0.109371,0.101427,-0.685315,-0.712807
7213707000,-0.140327,-2.89406,9.73232,0.109303,0.101226,-0.682357,-0.715678
7223707000,-0.0600849,-2.55785,9.28461,0.10928,0.101051,-0.679402,-0.718512
7233707000,0.0219005,-2.9855,9.33962,0.109203,0.100867,-0.67644,-0.721339
7243707000,0.0625435,-3.22389,9.4717,0.109112,0.100683,-0.673452,-0.724168
7253707000,0.00170665,-2.90215,9.04358,0.109042,0.100504,-0.67046,-0.726975
7263707000,-0.232133,-2.53876,9.74621,0.109011,0.10033,-0.66746,-0.729759
7273707000,0.0405897,-3.14323,9.38488,0.108947,0.100133,-0.664437,-0.732549
7283707000,0.00982706,-2.71635,9.16049,0.108855,0.0999288,-0.661398,-0.735335
7293707000,-0.0629986,-2.97569,9.74512,0.108765,0.0997322,-0.658362,-0.738094
7303707000,0.205512,-2.76024,8.98787,0.108684,0.0995172,-0.655317,-0.74084
7313707000,-0.0622851,-2.71684,9.60042,0.108567,0.0992929,-0.652251,-0.743588
7323707000,0.249302,-2.78717,9.37132,0.108472,0.0990371,-0.649186,-0.746313
7333707000,-0.0345555,-2.71777,9.17424,0.10836,0.0988175,-0.646128,-0.749007
7343707000,-0.0772108,-2.91585,9.60167,0.108242,0.0985745,-0.643052,-0.751699
7353707000,0.192612,-2.9046,9.22693,0.108117,0.0982974,-0.639959,-0.754388
7363707000,-0.0730583,-2.50641,9.49179,0.108,0.0980515,-0.636872,-0.757044
7373707000,0.0862874,-2.66857,9.58078,0.107894,0.0977796,-0.633772,-0.759692
7383707000,0.156822,-2.79999,8.99518,0.107765,0.097472,-0.630643,-0.762348
7393707000,0.19874,-2.74589,9.5866,0.107635,0.0971664,-0.62753,-0.76497
7403707000,0.304331,-3.14489,9.26898,0.107471,0.096859,-0.624415,-0.767577
7413707000,0.16722,-2.81884,8.89789,0.107291,0.0965335,-0.621277,-0.770185
7423707000,0.0738706,-3.10871,9.6246,0.107104,0.0961867,-0.618124,-0.772787
7433707000,0.240349,-2.63614,9.11362,0.10694,0.0958323,-0.614968,-0.775367
7443707000,0.0233044,-2.75063,9.74388,0.10675,0.0954935,-0.611815,-0.777925
7453707000,0.260313,-2.72016,9.42179,0.106587,0.0951738,-0.608632,-0.78048
7463707000,0.162788,-2.53021,9.174,0.1064,0.0948389,-0.605424,-0.783036
7473707000,0.175023,-2.79892,9.63198,0.106242,0.0944996,-0.602237,-0.785553
7483707000,0.379596,-3.10518,9.17144,0.106077,0.0941515,-0.599036,-0.78806
7493707000,0.178535,-2.95011,9.1797,0.105877,0.0937941,-0.595807,-0.790574
7503707000,0.106867,-2.93059,9.67412,0.105676,0.0934756,-0.592578,-0.793062
7513707000,0.276744,-2.36003,9.28434,0.1055,0.0931307,-0.589359,-0.79552
7523707000,0.0693146,-2.32608,10.2262,0.105321,0.0928225,-0.586148,-0.797949
7533707000,0.470077,-2.62865,9.10488,0.105109,0.0924645,-0.582891,-0.8004
7543707000,0.0661413,-2.63238,9.58683,0.104864,0.0921443,-0.579629,-0.802835
7553707000,0.374832,-3.29222,9.20545,0.104632,0.0917916,-0.576386,-0.805237
7563707000,0.233422,-2.82076,9.06528,0.104423,0.0914508,-0.57313,-0.807623
7573707000,0.110733,-2.44383,9.90458,0.104222,0.0911098,-0.56982,-0.810026
7583707000,0.252235,-2.39094,9.55813,0.103998,0.0907813,-0.566518,-0.812404
7593707000,0.1165,-2.44841,9.63079,0.10378,0.0904474,-0.56324,-0.814745
7603707000,0.283058,-2.67801,9.60535,0.103559,0.0900902,-0.559939,-0.817085
7613707000,0.341055,-2.48057,9.22311,0.10329,0.0897259,-0.556596,-0.81944
7623707000,0.222444,-2.61814,9.69838,0.103026,0.0893824,-0.553258,-0.821767
7633707000,0.289369,-2.59164,9.19074,0.102762,0.0890204,-0.549936,-0.824067
7643707000,0.061274,-2.42518,9.66866,0.10249,0.0886593,-0.546605,-0.826353
7653707000,0.382178,-3.03948,9.60989,0.102225,0.0882992,-0.543231,-0.828645
7663707000,0.341318,-2.20267,9.16271,0.101959,0.0879493,-0.539863,-0.830913
7673707000,0.0655291,-2.64579,9.84706,0.101687,0.0875793,-0.536496,-0.833164
7683707000,0.452374,-2.35611,9.32233,0.101453,0.0871738,-0.533131,-0.835392
7693707000,0.409584,-2.52327,9.36546,0.101172,0.0867596,-0.529736,-0.837626
7703707000,0.3387,-2.77255,9.42377,0.100877,0.0863457,-0.526335,-0.839845
7713707000,0.322158,-2.68235,8.97296,0.100586,0.0859242,-0.522946,-0.842037
7723707000,0.237883,-2.52345,9.60204,0.100308,0.0854987,-0.519549,-0.844214
7733707000,0.448243,-2.41985,9.74003,0.100033,0.085054,-0.516127,-0.846388
7743707000,0.181534,-1.90915,9.54816,0.0997465,0.0846263,-0.512704,-0.848542
7753707000,0.425988,-3.04064,9.60437,0.0994212,0.084169,-0.509286,-0.850681
7763707000,0.647203,-2.61971,8.66445,0.0991022,0.0836902,-0.505845,-0.852816
7783707000,0.397678,-2.21743,9.60993,0.098501,0.0827247,-0.498964,-0.857024
7793707000,0.351176,-2.41363,9.19556,0.0981577,0.082223,-0.495513,-0.859111
7803707000,0.227182,-2.46851,9.8183,0.0978122,0.0817151,-0.492047,-0.861188
7813707000,0.438908,-2.38409,9.14845,0.0975003,0.0811869,-0.488595,-0.863237
7823707000,0.279755,-2.07615,9.67601,0.097177,0.080672,-0.485129,-0.865274
7833707000,0.443523,-2.50467,9.68433,0.0968154,0.0801198,-0.481618,-0.867325
7843707000,0.245044,-1.83585,9.53645,0.0964761,0.0795933,-0.478121,-0.869343
7853707000,0.198958,-2.19864,9.85608,0.0961505,0.0790771,-0.474644,-0.87133
7863707000,0.546211,-2.44294,9.16767,0.0957827,0.0785351,-0.47113,-0.873324
7873707000,0.353314,-2.58411,9.56066,0.0953802,0.0780063,-0.467586,-0.875318
7883707000,0.28193,-2.07655,9.9174,0.0950342,0.0774856,-0.464073,-0.877269
7893707000,0.442972,-2.04,9.33164,0.0946928,0.07696,-0.460548,-0.879208
7903707000,0.329108,-2.24555,10.0112,0.0943386,0.0764265,-0.456979,-0.881152
7913707000,0.623356,-2.35031,9.32515,0.0939856,0.075906,-0.4534,-0.883082
7923707000,0.350021,-1.9781,9.45761,0.0936499,0.0753986,-0.449849,-0.884975
7933707000,0.356849,-2.51164,9.79822,0.0933227,0.0748723,-0.446252,-0.886873
7943707000,0.515408,-2.20273,9.18308,0.0929859,0.0743362,-0.442614,-0.888775
7953707000,0.211855,-2.10456,9.78748,0.0926387,0.0738482,-0.438989,-0.890647
7963707000,0.493626,-2.25794,9.36176,0.0922917,0.0733407,-0.43538,-0.892495
7973707000,0.321965,-2.15865,9.45239,0.0919448,0.0728331,-0.431738,-0.89434
7983707000,0.540365,-2.04621,9.97887,0.0916479,0.0723273,-0.428067,-0.896174
7993707000,0.600567,-1.95883,9.46359,0.0913217,0.0718163,-0.424389,-0.897996
8003707000,0.230526,-1.78359,9.70437,0.0910128,0.0713375,-0.420738,-0.899782
8013707000,0.471011,-2.69374,9.55465,0.0906872,0.0708304,-0.417041,-0.901574
8023707000,0.69192,-2.35278,8.76029,0.090375,0.0703071,-0.413324,-0.903356
8033707000,0.260559,-2.32597,9.92677,0.0900942,0.0698127,-0.409621,-0.905108
8043707000,0.610464,-1.87235,9.48422,0.0898342,0.0693096,-0.405933,-0.906832
8053707000,0.20819,-1.68934,9.7697,0.0895352,0.0688424,-0.402218,-0.908551
8063707000,0.686205,-1.92512,9.75506,0.0892529,0.068335,-0.398517,-0.910246
8073707000,0.456724,-2.09589,9.18595,0.0889362,0.0678202,-0.394817,-0.911927
8083707000,0.381155,-2.13496,9.54973,0.0886602,0.0673062,-0.391114,-0.913586
8093707000,0.599626,-2.28263,9.37195,0.0883816,0.066786,-0.387398,-0.915233
8103707000,0.344666,-2.24244,9.20819,0.0880974,0.0662579,-0.383679,-0.916864
8113707000,0.330025,-1.88405,9.93038,0.0878387,0.0657167,-0.37996,-0.918475
8123707000,0.419136,-1.97103,9.39545,0.0876025,0.065174,-0.376217,-0.920075
8133707000,0.359411,-1.59464,9.77729,0.0873624,0.0646123,-0.372468,-0.921662
8143707000,0.689315,-2.11907,9.63156,0.0871268,0.0640485,-0.368711,-0.923233
8153707000,0.492639,-1.56988,9.22261,0.0869105,0.0634914,-0.364961,-0.92478
8163707000,0.340066,-2.28713,9.81824,0.0866825,0.062917,-0.361206,-0.926314
8173707000,0.697431,-2.39962,8.83751,0.0864151,0.0623078,-0.357427,-0.927845
8183707000,0.355834,-2.28344,9.43576,0.0861885,0.0617541,-0.353644,-0.929351
8193707000,0.475206,-1.73483,9.81478,0.086018,0.0611728,-0.349873,-0.930832
8203707000,0.396381,-1.68963,9.50519,0.0858349,0.0606003,-0.346089,-0.932299
8213707000,0.551041,-1.79965,9.64811,0.0856662,0.0600147,-0.342283,-0.933757
8223707000,0.630753,-2.30985,9.41652,0.0854737,0.0594153,-0.338464,-0.935204
8233707000,0.462433,-2.01085,9.03063,0.0853152,0.0587919,-0.334653,-0.936628
8243707000,0.491575,-2.01245,9.88303,0.0851659,0.0581678,-0.330834,-0.938037
8253707000,0.637769,-1.98676,9.26268,0.0850048,0.0575448,-0.32699,-0.939436
8263707000,0.268597,-1.65225,9.48887,0.0848251,0.0569598,-0.323153,-0.940815
8273707000,0.44158,-2.24196,9.68901,0.0846969,0.0563377,-0.319316,-0.942173
8283707000,0.708105,-1.92225,9.17918,0.084575,0.0557102,-0.315459,-0.943519
8293707000,0.371757,-1.79174,9.85666,0.0844516,0.0551042,-0.311603,-0.944847
8303707000,0.589651,-1.84662,9.6665,0.0843266,0.0545158,-0.307743,-0.946156
8313707000,0.480993,-1.83085,9.18424,0.0842124,0.0539068,-0.303864,-0.947454
8323707000,0.432668,-2.11262,9.56307,0.0840861,0.0533054,-0.299974,-0.948738
8333707000,0.507823,-1.79561,9.59915,0.0840311,0.0526932,-0.296101,-0.949993
8343707000,0.376831,-2.00347,9.25596,0.0839181,0.0520808,-0.292226,-0.951236
8353707000,0.339731,-1.45134,10.0699,0.0838753,0.051474,-0.288338,-0.952458
8363707000,0.519636,-1.90768,9.75217,0.0837895,0.0508561,-0.284455,-0.953666
8373707000,0.338246,-1.62009,9.3875,0.083757,0.0502587,-0.280592,-0.954844
8383707000,0.467048,-2.32424,9.71955,0.0837098,0.0496558,-0.27669,-0.956018
8393707000,0.611636,-1.78481,9.24107,0.0836758,0.0490535,-0.272761,-0.95718
8403707000,0.276386,-1.4071,9.85964,0.0836624,0.0484676,-0.268881,-0.958308
8413707000,0.430135,-1.86319,9.67466,0.0836595,0.0478704,-0.265002,-0.959418
8423707000,0.470113,-2.12129,9.21298,0.0836131,0.0472591,-0.261069,-0.96053
8433707000,0.304101,-1.82355,9.7156,0.0835777,0.0466552,-0.257145,-0.961621
8443707000,0.457636,-1.71922,9.7552,0.0835787,0.0460497,-0.253261,-0.96268
8453707000,0.379754,-1.48411,9.58186,0.0835921,0.0454388,-0.249355,-0.963727
8463707000,0.330036,-1.70055,9.84674,0.0835808,0.04484,-0.245396,-0.964772
8473707000,0.454963,-1.924,9.52995,0.0836004,0.0442444,-0.241457,-0.965791
8483707000,0.360565,-1.88956,9.17497,0.0836524,0.0436466,-0.237561,-0.966779
8493707000,0.22527,-2.04139,9.82834,0.0836946,0.0429961,-0.233643,-0.967759
8503707000,0.437661,-1.7487,9.54488,0.0837691,0.0423753,-0.22969,-0.968726
8513707000,0.188681,-1.31566,9.94146,0.0838622,0.0417881,-0.225743,-0.969671
8523707000,0.271155,-1.70568,10.0524,0.0839649,0.0411917,-0.22181,-0.970594
8533707000,0.406461,-1.62593,9.28351,0.0840558,0.040562,-0.217859,-0.971507
8543707000,0.409282,-1.93952,9.68873,0.0841155,0.0399409,-0.213873,-0.972414
8553707000,0.30402,-1.74687,9.62579,0.0841886,0.0393171,-0.209901,-0.973298
8563707000,0.204611,-1.83642,9.42334,0.0843022,0.0386997,-0.205953,-0.974156
8573707000,0.317289,-1.73933,9.6422,0.0844166,0.0380611,-0.201983,-0.975002
8583707000,0.310419,-2.02696,9.72447,0.0845205,0.0374352,-0.197982,-0.975837
8593707000,0.237771,-1.40602,9.4293,0.0846598,0.0368177,-0.194018,-0.976644
8603707000,0.164855,-1.38588,9.95709,0.084799,0.0361836,-0.190062,-0.977433
8613707000,0.434602,-1.84563,9.64236,0.0849453,0.0355234,-0.186086,-0.97821
8623707000,0.393149,-1.59419,9.4189,0.08507,0.0348627,-0.182085,-0.978975
8633707000,0.200658,-1.96646,9.90615,0.0851773,0.034205,-0.178086,-0.979725
8643707000,0.287421,-1.92583,9.21067,0.0853223,0.0335477,-0.174115,-0.980448
8653707000,0.334652,-1.69596,9.65845,0.0854537,0.0328726,-0.170116,-0.981161
8663707000,0.0528445,-1.40013,10.2796,0.0856056,0.0321907,-0.16611,-0.981857
8673707000,0.193545,-1.33879,9.755,0.0857838,0.0315255,-0.16212,-0.98253
8683707000,0.316929,-1.76772,9.47145,0.0859188,0.0308244,-0.158131,-0.98319
8693707000,0.235229,-2.10573,9.67264,0.0860505,0.0301264,-0.154126,-0.983836
8703707000,0.416969,-2.03505,9.27812,0.086208,0.0293779,-0.150124,-0.984463
8713707000,0.106492,-1.42156,9.58601,0.0863975,0.0286647,-0.146131,-0.985068
8723707000,0.0775478,-1.71908,9.95847,0.0865735,0.0279164,-0.142132,-0.985659
8733707000,0.307002,-1.79799,9.46755,0.0867073,0.0271624,-0.138134,-0.986237
8743707000,0.01006,-1.46511,9.70633,0.0868883,0.0263908,-0.134145,-0.986792
8753707000,0.103654,-1.7219,10.1854,0.0870678,0.0256188,-0.130143,-0.987333
8763707000,0.3153,-1.78974,9.24365,0.0872636,0.0248663,-0.126126,-0.987856
8773707000,0.135447,-1.68347,9.92007,0.0874606,0.0241099,-0.12211,-0.988362
8783707000,0.0448507,-1.80981,9.8661,0.0876882,0.0233654,-0.118094,-0.988847
8793707000,0.255689,-1.78688,9.30793,0.0878846,0.0225909,-0.114042,-0.989323
8803707000,0.105866,-1.78451,9.70545,0.0880881,0.0218287,-0.109991,-0.989781
8813707000,0.0214618,-1.52217,10.0568,0.0883289,0.0210419,-0.105965,-0.990215
8823707000,0.0964174,-1.58101,9.66043,0.0885759,0.0202657,-0.101922,-0.990634
8833707000,0.10276,-1.55829,9.7002,0.0888395,0.0194531,-0.0978577,-0.991036
8853707000,0.184365,-1.6905,9.31685,0.0893843,0.0178608,-0.0897646,-0.991783
8863707000,0.049677,-1.67542,9.86716,0.0896636,0.0170659,-0.0857043,-0.992131
8873707000,0.0441643,-1.99495,9.84847,0.0899545,0.0162341,-0.0816262,-0.992463
8883707000,0.242653,-1.80522,9.21075,0.0902353,0.0154457,-0.0775539,-0.992776
8893707000,0.0693538,-2.03987,9.66426,0.0905348,0.0146558,-0.0735035,-0.993069
8903707000,-0.0169748,-2.0262,9.72612,0.0908485,0.0138649,-0.0694198,-0.993345
8913707000,0.224388,-1.49167,9.37831,0.091183,0.0130599,-0.0653169,-0.993604
8923707000,0.0575588,-1.4272,10.0045,0.0915286,0.0122845,-0.0612373,-0.993842
8933707000,0.15757,-1.97226,9.57494,0.091869,0.0114954,-0.057166,-0.994063
8943707000,0.10383,-2.02514,9.17305,0.0922196,0.0107262,-0.0530738,-0.994265
8953707000,0.0788223,-2.13267,9.48821,0.0925665,0.00992555,-0.0489699,-0.994452
8983707000,-0.173519,-1.44344,10.2013,0.0937261,0.00757302,-0.0367247,-0.994892
8993707000,0.240467,-1.67116,9.53501,0.0941394,0.00675804,-0.0326334,-0.995001
9003707000,0.00866617,-1.83715,9.37926,0.0945219,0.00596146,-0.028563,-0.995095
9013707000,0.100537,-2.50903,9.55889,0.0948681,0.00517402,-0.0244949,-0.995175
9023707000,0.110731,-2.01299,8.96292,0.0952309,0.00436152,-0.0204021,-0.995237
9033707000,-0.193814,-1.72474,9.70453,0.0956078,0.00354505,-0.016322,-0.995279
9043707000,-0.0826389,-1.52168,10.0306,0.0960211,0.00271438,-0.0122641,-0.9953
9053707000,-0.0624658,-1.69856,9.55658,0.0963904,0.00187761,-0.00819925,-0.995308
9063707000,-0.100318,-1.53026,9.82439,0.0967814,0.00104428,-0.00413403,-0.995297
9073707000,0.0418079,-1.90786,9.77416,0.0971626,0.000214803,-6.89793e-05,-0.995269
9083707000,0.0752607,-1.88925,9.34333,0.0975405,-0.000616989,0.00396751,-0.995224
9093707000,-0.197733,-2.05154,9.49763,0.0978786,-0.00143345,0.00801171,-0.995165
9103707000,-0.0481252,-2.23842,9.83716,0.0982407,-0.00223251,0.0120774,-0.995087
9113707000,-0.034618,-1.85763,9.30713,0.0985824,-0.00302381,0.016125,-0.994994
9123707000,-0.389843,-1.47014,10.1618,0.0989462,-0.00381357,0.0201347,-0.994882
9133707000,-0.0373006,-1.94446,9.82761,0.0992831,-0.00460241,0.0241697,-0.994755
9143707000,0.0516954,-1.8986,9.20148,0.0996111,-0.00537846,0.028224,-0.994612
9153707000,-0.203384,-1.95929,9.8334,0.0999493,-0.00611747,0.0322461,-0.994451
9163707000,-0.0234597,-2.25336,9.2955,0.100302,-0.00690284,0.0362434,-0.994273
9173707000,-0.0583645,-2.20698,9.46334,0.10063,-0.00765517,0.0402684,-0.994079
9183707000,-0.274499,-1.57481,9.9654,0.100972,-0.00841603,0.0443109,-0.993867
9193707000,-0.271798,-1.65947,9.96272,0.101331,-0.00916051,0.0483266,-0.993636
9203707000,-0.10854,-1.89356,9.39238,0.101673,-0.00993112,0.0523096,-0.993392
9213707000,-0.123311,-2.46022,9.76954,0.101941,-0.0106683,0.0563531,-0.993136
9223707000,0.0189236,-2.02438,9.30796,0.102238,-0.0114065,0.060376,-0.992861
9233707000,-0.354907,-1.62399,9.71687,0.102561,-0.0121216,0.0643624,-0.992568
9243707000,-0.0825049,-2.29522,9.93633,0.102854,-0.0128632,0.0683798,-0.99226
9253707000,-0.0256506,-2.04088,9.38621,0.103135,-0.0135872,0.0724177,-0.991935
9263707000,-0.488744,-1.91977,9.77753,0.103441,-0.0142933,0.0764308,-0.991592
9293707000,-0.19204,-1.96184,9.70116,0.104254,-0.016421,0.0884993,-0.990469
9303707000,-0.0856901,-2.04629,9.66212,0.104527,-0.0171223,0.0924979,-0.990063
9313707000,-0.0407594,-2.21578,9.26083,0.104783,-0.0177873,0.0965108,-0.989641
9323707000,-0.213093,-2.36474,9.44671,0.105009,-0.0184777,0.100519,-0.989206
9333707000,-0.165177,-2.10359,9.59885,0.105281,-0.0191776,0.104489,-0.988752
9343707000,-0.252921,-1.76303,9.51628,0.105563,-0.019861,0.10847,-0.98828
9353707000,-0.350398,-1.96501,9.96632,0.105803,-0.0205381,0.112477,-0.987792
9363707000,-0.111496,-2.08884,9.36568,0.10604,-0.0211917,0.116457,-0.987291
9373707000,-0.360882,-1.96644,9.74303,0.106271,-0.0218555,0.1204,-0.986779
9383707000,-0.227258,-2.13129,9.751,0.106522,-0.0225232,0.124372,-0.986244
9393707000,-0.177769,-1.978,9.42682,0.106747,-0.0231759,0.128376,-0.985692
9403707000,-0.346117,-2.1082,9.73426,0.106961,-0.0238124,0.13235,-0.985127
9413707000,-0.314235,-2.35369,9.63328,0.107186,-0.0244401,0.136292,-0.98455
9423707000,-0.22889,-2.30708,9.29495,0.107415,-0.0250811,0.140285,-0.983948
9433707000,-0.292476,-1.97172,9.67808,0.10764,-0.0257015,0.144298,-0.983327
9443707000,-0.227379,-1.84888,10.0113,0.107883,-0.0263136,0.148288,-0.98269
9453707000,-0.224624,-2.04232,9.37763,0.108125,-0.0269246,0.152254,-0.98204
9463707000,-0.243796,-2.27273,9.67305,0.108348,-0.0275284,0.156259,-0.981369
9473707000,-0.190831,-2.50163,9.31722,0.108558,-0.0281051,0.16027,-0.980683
9483707000,-0.40949,-2.04692,9.57177,0.108784,-0.0286771,0.164236,-0.979985
9493707000,-0.25738,-2.35243,10.0795,0.109025,-0.0292531,0.168208,-0.979267
9503707000,-0.376394,-1.75447,9.41774,0.109245,-0.0298103,0.172208,-0.97853
9513707000,-0.380365,-1.782,10.0347,0.109477,-0.0303533,0.176199,-0.977777
9523707000,-0.136351,-2.11682,9.76377,0.109724,-0.0308988,0.18015,-0.977012
9533707000,-0.192406,-2.67123,9.11019,0.109934,-0.0314345,0.184136,-0.976228
9543707000,-0.164531,-2.52503,9.59239,0.110155,-0.0319592,0.188143,-0.975421
9553707000,-0.157717,-2.48119,9.50808,0.110412,-0.0324404,0.192123,-0.9746
9563707000,-0.218022,-2.31358,9.1523,0.110651,-0.0329364,0.196101,-0.973764
9573707000,-0.36733,-2.25085,9.72072,0.110886,-0.0334151,0.200073,-0.972912
9583707000,-0.183126,-2.17571,9.69467,0.111134,-0.0339393,0.204034,-0.972043
9593707000,-0.219785,-2.02882,9.3761,0.11137,-0.0344084,0.207999,-0.971159
9603707000,-0.174648,-2.5095,9.88138,0.111597,-0.0348886,0.211972,-0.970256
9613707000,-0.049685,-2.63839,8.97172,0.111832,-0.0353356,0.215939,-0.969338
9623707000,-0.458254,-2.23386,9.54647,0.11209,-0.0358071,0.219892,-0.968401
9633707000,-0.208425,-2.38259,9.82808,0.112358,-0.0362652,0.223859,-0.967444
9643707000,-0.286998,-2.03942,9.39577,0.112626,-0.0367171,0.227803,-0.966475
9653707000,-0.382338,-2.40461,9.84771,0.112869,-0.0371417,0.231753,-0.96549
9663707000,-0.0728243,-2.05128,9.60486,0.113112,-0.0375839,0.23573,-0.964481
9673707000,-0.246375,-2.16557,9.40048,0.113371,-0.0380014,0.239686,-0.963459
9683707000,-0.205475,-2.67372,9.38555,0.113575,-0.0384307,0.243634,-0.962427
9693707000,-0.0353353,-2.87774,9.05387,0.113779,-0.0388619,0.247593,-0.961375
9703707000,-0.272425,-2.39438,9.2091,0.114011,-0.0392952,0.25155,-0.960302
9713707000,-0.401759,-2.16422,9.88589,0.114286,-0.0397193,0.255481,-0.959214
9723707000,-0.0653769,-2.21028,9.39282,0.11452,-0.0401673,0.259433,-0.958106
9733707000,-0.285135,-2.20952,9.55434,0.114729,-0.0405986,0.263374,-0.956987
9743707000,-0.184856,-2.40686,9.6707,0.114946,-0.041045,0.267294,-0.955854
9753707000,-0.0906853,-2.56804,8.98733,0.115157,-0.0414843,0.271223,-0.954702
9763707000,-0.154392,-2.64587,9.53403,0.115343,-0.0419208,0.275179,-0.953528
9773707000,-0.0775219,-2.57015,9.26084,0.115542,-0.042347,0.279104,-0.952343
9783707000,-0.269592,-1.98868,9.49251,0.115751,-0.0427625,0.283033,-0.951139
9793707000,-0.273182,-2.4429,9.65702,0.115925,-0.0431631,0.286965,-0.94992
9803707000,-0.0262525,-2.61598,9.20207,0.116073,-0.0435911,0.290899,-0.948686
9813707000,-0.120994,-2.46304,9.38384,0.116247,-0.0439977,0.294809,-0.947438
9823707000,-0.275542,-2.40309,9.65728,0.116452,-0.0444075,0.298718,-0.946168
9833707000,-0.0478609,-2.28675,9.28145,0.116626,-0.0448154,0.302646,-0.944879
9843707000,-0.135599,-2.36641,9.54351,0.116806,-0.0452391,0.306551,-0.943576
9853707000,-0.183661,-2.81553,9.5166,0.116982,-0.045652,0.310445,-0.942261
9863707000,-0.126845,-2.48839,8.99942,0.11717,-0.0460669,0.31434,-0.940925
9873707000,-0.161823,-2.51255,9.79366,0.117333,-0.0464819,0.318242,-0.939572
9883707000,-0.0580291,-2.30861,9.47324,0.117522,-0.0468824,0.322122,-0.938205
9893707000,-0.124254,-2.13539,9.40732,0.117688,-0.0472627,0.325984,-0.93683
9903707000,-0.109886,-2.57837,9.74608,0.117824,-0.047639,0.329861,-0.935436
9913707000,0.0560817,-2.56488,9.15782,0.117959,-0.0480213,0.333729,-0.934026
9923707000,-0.141131,-2.67394,9.34667,0.118107,-0.048372,0.337569,-0.932608
9933707000,-0.0189013,-2.8278,9.45612,0.118269,-0.048741,0.34139,-0.931176
9943707000,-0.0743837,-2.53715,9.01754,0.118407,-0.0490642,0.345255,-0.929716
9953707000,-0.154343,-2.28809,9.60818,0.118555,-0.0493894,0.349108,-0.92824
9963707000,-0.0390871,-2.42823,9.60471,0.118717,-0.0497462,0.352921,-0.926757
9973707000,0.0175819,-2.64597,8.8803,0.118844,-0.0501003,0.356743,-0.925257
9983707000,-0.0885347,-2.67955,9.64613,0.118963,-0.050422,0.360589,-0.923732
9993707000,0.0513869,-2.63856,9.20582,0.119104,-0.0507493,0.364417,-0.922193
10003707000,-0.329766,-2.44418,9.18916,0.119276,-0.0510827,0.368202,-0.920647
10013707000,-0.0904091,-2.80953,9.59957,0.119431,-0.0514384,0.372017,-0.919072
10023707000,-0.146756,-2.48908,9.19213,0.119573,-0.0517692,0.375862,-0.917469
10033707000,-0.310889,-2.09229,9.76778,0.119764,-0.0520981,0.379643,-0.915868
10043707000,-0.0337393,-2.70306,9.43406,0.119917,-0.0524111,0.38344,-0.914247
10053707000,-0.0371088,-2.46482,9.29054,0.120069,-0.0527187,0.38725,-0.912601
10063707000,-0.160964,-2.48053,9.67429,0.120223,-0.0529803,0.391045,-0.910947
10073707000,0.00261974,-2.67677,9.15304,0.12035,-0.053245,0.394805,-0.909291
10083707000,-0.241974,-2.7118,9.298,0.120448,-0.0534552,0.398564,-0.907624
10093707000,-0.25548,-2.56701,9.91251,0.120534,-0.0537029,0.402301,-0.905948
10103707000,0.0642945,-2.20197,9.38533,0.120615,-0.0539149,0.406031,-0.904259
10113707000,-0.23376,-2.30144,9.68794,0.120648,-0.0541044,0.40975,-0.902564
10123707000,0.0573246,-2.95568,9.37938,0.120631,-0.0542669,0.413457,-0.900864
10133707000,0.166063,-2.92576,8.89917,0.120583,-0.0544359,0.417151,-0.899156
10143707000,-0.144034,-2.77495,9.67309,0.120556,-0.0545878,0.42084,-0.89743
10153707000,-0.0346015,-2.47978,9.33104,0.120513,-0.0547435,0.424509,-0.895696
10163707000,-0.0285522,-2.44357,9.63597,0.120458,-0.0548703,0.428186,-0.893944
10183707000,0.166236,-2.46711,9.17223,0.120212,-0.0551617,0.435485,-0.890426
10193707000,0.0414882,-2.93163,9.50045,0.120017,-0.0552972,0.439156,-0.88864
10203707000,0.228497,-2.81428,9.13395,0.119819,-0.0554576,0.442812,-0.88684
10213707000,0.0173765,-2.59919,9.22373,0.119561,-0.0556262,0.44645,-0.885039
10223707000,-0.174769,-2.38647,10.0877,0.119299,-0.0558438,0.450089,-0.883215
10233707000,0.202951,-2.63847,9.18934,0.119002,-0.0560369,0.453751,-0.881367
10243707000,-0.0432945,-2.87542,9.27496,0.118675,-0.0562586,0.457393,-0.879513
10263707000,-0.0482852,-2.25979,9.25729,0.117983,-0.0567488,0.464659,-0.875758
10273707000,0.0923301,-2.54434,9.83552,0.117583,-0.0569822,0.468299,-0.873856
10283707000,0.171001,-2.74907,9.12085,0.11714,-0.0572172,0.471929,-0.871945
10293707000,-0.0846372,-2.50337,9.58278,0.116722,-0.0574626,0.475522,-0.870031
10303707000,-0.0159962,-2.55114,9.69588,0.116289,-0.0577534,0.479127,-0.868089
10313707000,0.0542448,-2.0661,9.43819,0.115845,-0.0579816,0.482746,-0.866126
10323707000,0.0590289,-2.53852,9.69651,0.11534,-0.0582237,0.486344,-0.864162
10333707000,0.0633131,-2.6303,9.22674,0.114857,-0.0584872,0.489902,-0.862197
10343707000,0.0450481,-2.49104,9.08185,0.114356,-0.0587852,0.493469,-0.860207
10353707000,0.269096,-2.78838,9.56429,0.113842,-0.0590513,0.497061,-0.858186
10363707000,0.0329193,-2.07583,9.28145,0.113342,-0.0593565,0.500604,-0.856169
10373707000,-0.227562,-2.13236,10.0216,0.112859,-0.0596634,0.504117,-0.854148
10383707000,0.19419,-2.66707,9.2857,0.112329,-0.0599978,0.50764,-0.852105
10393707000,0.115363,-2.53267,9.51784,0.111804,-0.0603378,0.511168,-0.850039
